y,x
1,1_58_rotate_10.jpeg
2,2_58_rotate_10.jpeg
3,3_58_rotate_10.jpeg
4,4_58_rotate_10.jpeg
5,5_58_rotate_10.jpeg
6,6_58_rotate_10.jpeg
7,7_58_rotate_10.jpeg
8,8_58_rotate_10.jpeg
9,9_58_rotate_10.jpeg
10,a_58_rotate_10.jpeg
11,b_58_rotate_10.jpeg
12,c_58_rotate_10.jpeg
13,d_58_rotate_10.jpeg
14,e_58_rotate_10.jpeg
15,f_58_rotate_10.jpeg
16,g_58_rotate_10.jpeg
17,h_58_rotate_10.jpeg
18,i_58_rotate_10.jpeg
19,j_58_rotate_10.jpeg
20,k_58_rotate_10.jpeg
21,l_58_rotate_10.jpeg
22,m_58_rotate_10.jpeg
23,n_58_rotate_10.jpeg
24,o_58_rotate_10.jpeg
25,p_58_rotate_10.jpeg
26,q_58_rotate_10.jpeg
27,r_58_rotate_10.jpeg
28,s_58_rotate_10.jpeg
29,t_58_rotate_10.jpeg
30,u_58_rotate_10.jpeg
31,v_58_rotate_10.jpeg
32,w_58_rotate_10.jpeg
33,x_58_rotate_10.jpeg
34,y_58_rotate_10.jpeg
35,z_58_rotate_10.jpeg
1,1_58_rotate_2.jpeg
2,2_58_rotate_2.jpeg
3,3_58_rotate_2.jpeg
4,4_58_rotate_2.jpeg
5,5_58_rotate_2.jpeg
6,6_58_rotate_2.jpeg
7,7_58_rotate_2.jpeg
8,8_58_rotate_2.jpeg
9,9_58_rotate_2.jpeg
10,a_58_rotate_2.jpeg
11,b_58_rotate_2.jpeg
12,c_58_rotate_2.jpeg
13,d_58_rotate_2.jpeg
14,e_58_rotate_2.jpeg
15,f_58_rotate_2.jpeg
16,g_58_rotate_2.jpeg
17,h_58_rotate_2.jpeg
18,i_58_rotate_2.jpeg
19,j_58_rotate_2.jpeg
20,k_58_rotate_2.jpeg
21,l_58_rotate_2.jpeg
22,m_58_rotate_2.jpeg
23,n_58_rotate_2.jpeg
24,o_58_rotate_2.jpeg
25,p_58_rotate_2.jpeg
26,q_58_rotate_2.jpeg
27,r_58_rotate_2.jpeg
28,s_58_rotate_2.jpeg
29,t_58_rotate_2.jpeg
30,u_58_rotate_2.jpeg
31,v_58_rotate_2.jpeg
32,w_58_rotate_2.jpeg
33,x_58_rotate_2.jpeg
34,y_58_rotate_2.jpeg
35,z_58_rotate_2.jpeg
1,1_58_rotate_3.jpeg
2,2_58_rotate_3.jpeg
3,3_58_rotate_3.jpeg
4,4_58_rotate_3.jpeg
5,5_58_rotate_3.jpeg
6,6_58_rotate_3.jpeg
7,7_58_rotate_3.jpeg
8,8_58_rotate_3.jpeg
9,9_58_rotate_3.jpeg
10,a_58_rotate_3.jpeg
11,b_58_rotate_3.jpeg
12,c_58_rotate_3.jpeg
13,d_58_rotate_3.jpeg
14,e_58_rotate_3.jpeg
15,f_58_rotate_3.jpeg
16,g_58_rotate_3.jpeg
17,h_58_rotate_3.jpeg
18,i_58_rotate_3.jpeg
19,j_58_rotate_3.jpeg
20,k_58_rotate_3.jpeg
21,l_58_rotate_3.jpeg
22,m_58_rotate_3.jpeg
23,n_58_rotate_3.jpeg
24,o_58_rotate_3.jpeg
25,p_58_rotate_3.jpeg
26,q_58_rotate_3.jpeg
27,r_58_rotate_3.jpeg
28,s_58_rotate_3.jpeg
29,t_58_rotate_3.jpeg
30,u_58_rotate_3.jpeg
31,v_58_rotate_3.jpeg
32,w_58_rotate_3.jpeg
33,x_58_rotate_3.jpeg
34,y_58_rotate_3.jpeg
35,z_58_rotate_3.jpeg
1,1_58_rotate_4.jpeg
2,2_58_rotate_4.jpeg
3,3_58_rotate_4.jpeg
4,4_58_rotate_4.jpeg
5,5_58_rotate_4.jpeg
6,6_58_rotate_4.jpeg
7,7_58_rotate_4.jpeg
8,8_58_rotate_4.jpeg
9,9_58_rotate_4.jpeg
10,a_58_rotate_4.jpeg
11,b_58_rotate_4.jpeg
12,c_58_rotate_4.jpeg
13,d_58_rotate_4.jpeg
14,e_58_rotate_4.jpeg
15,f_58_rotate_4.jpeg
16,g_58_rotate_4.jpeg
17,h_58_rotate_4.jpeg
18,i_58_rotate_4.jpeg
19,j_58_rotate_4.jpeg
20,k_58_rotate_4.jpeg
21,l_58_rotate_4.jpeg
22,m_58_rotate_4.jpeg
23,n_58_rotate_4.jpeg
24,o_58_rotate_4.jpeg
25,p_58_rotate_4.jpeg
26,q_58_rotate_4.jpeg
27,r_58_rotate_4.jpeg
28,s_58_rotate_4.jpeg
29,t_58_rotate_4.jpeg
30,u_58_rotate_4.jpeg
31,v_58_rotate_4.jpeg
32,w_58_rotate_4.jpeg
33,x_58_rotate_4.jpeg
34,y_58_rotate_4.jpeg
35,z_58_rotate_4.jpeg
1,1_58_rotate_5.jpeg
2,2_58_rotate_5.jpeg
3,3_58_rotate_5.jpeg
4,4_58_rotate_5.jpeg
5,5_58_rotate_5.jpeg
6,6_58_rotate_5.jpeg
7,7_58_rotate_5.jpeg
8,8_58_rotate_5.jpeg
9,9_58_rotate_5.jpeg
10,a_58_rotate_5.jpeg
11,b_58_rotate_5.jpeg
12,c_58_rotate_5.jpeg
13,d_58_rotate_5.jpeg
14,e_58_rotate_5.jpeg
15,f_58_rotate_5.jpeg
16,g_58_rotate_5.jpeg
17,h_58_rotate_5.jpeg
18,i_58_rotate_5.jpeg
19,j_58_rotate_5.jpeg
20,k_58_rotate_5.jpeg
21,l_58_rotate_5.jpeg
22,m_58_rotate_5.jpeg
23,n_58_rotate_5.jpeg
24,o_58_rotate_5.jpeg
25,p_58_rotate_5.jpeg
26,q_58_rotate_5.jpeg
27,r_58_rotate_5.jpeg
28,s_58_rotate_5.jpeg
29,t_58_rotate_5.jpeg
30,u_58_rotate_5.jpeg
31,v_58_rotate_5.jpeg
32,w_58_rotate_5.jpeg
33,x_58_rotate_5.jpeg
34,y_58_rotate_5.jpeg
35,z_58_rotate_5.jpeg
1,1_58_rotate_6.jpeg
2,2_58_rotate_6.jpeg
3,3_58_rotate_6.jpeg
4,4_58_rotate_6.jpeg
5,5_58_rotate_6.jpeg
6,6_58_rotate_6.jpeg
7,7_58_rotate_6.jpeg
8,8_58_rotate_6.jpeg
9,9_58_rotate_6.jpeg
10,a_58_rotate_6.jpeg
11,b_58_rotate_6.jpeg
12,c_58_rotate_6.jpeg
13,d_58_rotate_6.jpeg
14,e_58_rotate_6.jpeg
15,f_58_rotate_6.jpeg
16,g_58_rotate_6.jpeg
17,h_58_rotate_6.jpeg
18,i_58_rotate_6.jpeg
19,j_58_rotate_6.jpeg
20,k_58_rotate_6.jpeg
21,l_58_rotate_6.jpeg
22,m_58_rotate_6.jpeg
23,n_58_rotate_6.jpeg
24,o_58_rotate_6.jpeg
25,p_58_rotate_6.jpeg
26,q_58_rotate_6.jpeg
27,r_58_rotate_6.jpeg
28,s_58_rotate_6.jpeg
29,t_58_rotate_6.jpeg
30,u_58_rotate_6.jpeg
31,v_58_rotate_6.jpeg
32,w_58_rotate_6.jpeg
33,x_58_rotate_6.jpeg
34,y_58_rotate_6.jpeg
35,z_58_rotate_6.jpeg
1,1_58_rotate_7.jpeg
2,2_58_rotate_7.jpeg
3,3_58_rotate_7.jpeg
4,4_58_rotate_7.jpeg
5,5_58_rotate_7.jpeg
6,6_58_rotate_7.jpeg
7,7_58_rotate_7.jpeg
8,8_58_rotate_7.jpeg
9,9_58_rotate_7.jpeg
10,a_58_rotate_7.jpeg
11,b_58_rotate_7.jpeg
12,c_58_rotate_7.jpeg
13,d_58_rotate_7.jpeg
14,e_58_rotate_7.jpeg
15,f_58_rotate_7.jpeg
16,g_58_rotate_7.jpeg
17,h_58_rotate_7.jpeg
18,i_58_rotate_7.jpeg
19,j_58_rotate_7.jpeg
20,k_58_rotate_7.jpeg
21,l_58_rotate_7.jpeg
22,m_58_rotate_7.jpeg
23,n_58_rotate_7.jpeg
24,o_58_rotate_7.jpeg
25,p_58_rotate_7.jpeg
26,q_58_rotate_7.jpeg
27,r_58_rotate_7.jpeg
28,s_58_rotate_7.jpeg
29,t_58_rotate_7.jpeg
30,u_58_rotate_7.jpeg
31,v_58_rotate_7.jpeg
32,w_58_rotate_7.jpeg
33,x_58_rotate_7.jpeg
34,y_58_rotate_7.jpeg
35,z_58_rotate_7.jpeg
1,1_58_rotate_8.jpeg
2,2_58_rotate_8.jpeg
3,3_58_rotate_8.jpeg
4,4_58_rotate_8.jpeg
5,5_58_rotate_8.jpeg
6,6_58_rotate_8.jpeg
7,7_58_rotate_8.jpeg
8,8_58_rotate_8.jpeg
9,9_58_rotate_8.jpeg
10,a_58_rotate_8.jpeg
11,b_58_rotate_8.jpeg
12,c_58_rotate_8.jpeg
13,d_58_rotate_8.jpeg
14,e_58_rotate_8.jpeg
15,f_58_rotate_8.jpeg
16,g_58_rotate_8.jpeg
17,h_58_rotate_8.jpeg
18,i_58_rotate_8.jpeg
19,j_58_rotate_8.jpeg
20,k_58_rotate_8.jpeg
21,l_58_rotate_8.jpeg
22,m_58_rotate_8.jpeg
23,n_58_rotate_8.jpeg
24,o_58_rotate_8.jpeg
25,p_58_rotate_8.jpeg
26,q_58_rotate_8.jpeg
27,r_58_rotate_8.jpeg
28,s_58_rotate_8.jpeg
29,t_58_rotate_8.jpeg
30,u_58_rotate_8.jpeg
31,v_58_rotate_8.jpeg
32,w_58_rotate_8.jpeg
33,x_58_rotate_8.jpeg
34,y_58_rotate_8.jpeg
35,z_58_rotate_8.jpeg
1,1_58_rotate_9.jpeg
2,2_58_rotate_9.jpeg
3,3_58_rotate_9.jpeg
4,4_58_rotate_9.jpeg
5,5_58_rotate_9.jpeg
6,6_58_rotate_9.jpeg
7,7_58_rotate_9.jpeg
8,8_58_rotate_9.jpeg
9,9_58_rotate_9.jpeg
10,a_58_rotate_9.jpeg
11,b_58_rotate_9.jpeg
12,c_58_rotate_9.jpeg
13,d_58_rotate_9.jpeg
14,e_58_rotate_9.jpeg
15,f_58_rotate_9.jpeg
16,g_58_rotate_9.jpeg
17,h_58_rotate_9.jpeg
18,i_58_rotate_9.jpeg
19,j_58_rotate_9.jpeg
20,k_58_rotate_9.jpeg
21,l_58_rotate_9.jpeg
22,m_58_rotate_9.jpeg
23,n_58_rotate_9.jpeg
24,o_58_rotate_9.jpeg
25,p_58_rotate_9.jpeg
26,q_58_rotate_9.jpeg
27,r_58_rotate_9.jpeg
28,s_58_rotate_9.jpeg
29,t_58_rotate_9.jpeg
30,u_58_rotate_9.jpeg
31,v_58_rotate_9.jpeg
32,w_58_rotate_9.jpeg
33,x_58_rotate_9.jpeg
34,y_58_rotate_9.jpeg
35,z_58_rotate_9.jpeg
1,1_59_rotate_1.jpeg
2,2_59_rotate_1.jpeg
3,3_59_rotate_1.jpeg
4,4_59_rotate_1.jpeg
5,5_59_rotate_1.jpeg
6,6_59_rotate_1.jpeg
7,7_59_rotate_1.jpeg
8,8_59_rotate_1.jpeg
9,9_59_rotate_1.jpeg
10,a_59_rotate_1.jpeg
11,b_59_rotate_1.jpeg
12,c_59_rotate_1.jpeg
13,d_59_rotate_1.jpeg
14,e_59_rotate_1.jpeg
15,f_59_rotate_1.jpeg
16,g_59_rotate_1.jpeg
17,h_59_rotate_1.jpeg
18,i_59_rotate_1.jpeg
19,j_59_rotate_1.jpeg
20,k_59_rotate_1.jpeg
21,l_59_rotate_1.jpeg
22,m_59_rotate_1.jpeg
23,n_59_rotate_1.jpeg
24,o_59_rotate_1.jpeg
25,p_59_rotate_1.jpeg
26,q_59_rotate_1.jpeg
27,r_59_rotate_1.jpeg
28,s_59_rotate_1.jpeg
29,t_59_rotate_1.jpeg
30,u_59_rotate_1.jpeg
31,v_59_rotate_1.jpeg
32,w_59_rotate_1.jpeg
33,x_59_rotate_1.jpeg
34,y_59_rotate_1.jpeg
35,z_59_rotate_1.jpeg
1,1_59_rotate_10.jpeg
2,2_59_rotate_10.jpeg
3,3_59_rotate_10.jpeg
4,4_59_rotate_10.jpeg
5,5_59_rotate_10.jpeg
6,6_59_rotate_10.jpeg
7,7_59_rotate_10.jpeg
8,8_59_rotate_10.jpeg
9,9_59_rotate_10.jpeg
10,a_59_rotate_10.jpeg
11,b_59_rotate_10.jpeg
12,c_59_rotate_10.jpeg
13,d_59_rotate_10.jpeg
14,e_59_rotate_10.jpeg
15,f_59_rotate_10.jpeg
16,g_59_rotate_10.jpeg
17,h_59_rotate_10.jpeg
18,i_59_rotate_10.jpeg
19,j_59_rotate_10.jpeg
20,k_59_rotate_10.jpeg
21,l_59_rotate_10.jpeg
22,m_59_rotate_10.jpeg
23,n_59_rotate_10.jpeg
24,o_59_rotate_10.jpeg
25,p_59_rotate_10.jpeg
26,q_59_rotate_10.jpeg
27,r_59_rotate_10.jpeg
28,s_59_rotate_10.jpeg
29,t_59_rotate_10.jpeg
30,u_59_rotate_10.jpeg
31,v_59_rotate_10.jpeg
32,w_59_rotate_10.jpeg
33,x_59_rotate_10.jpeg
34,y_59_rotate_10.jpeg
35,z_59_rotate_10.jpeg
1,1_59_rotate_2.jpeg
2,2_59_rotate_2.jpeg
3,3_59_rotate_2.jpeg
4,4_59_rotate_2.jpeg
5,5_59_rotate_2.jpeg
6,6_59_rotate_2.jpeg
7,7_59_rotate_2.jpeg
8,8_59_rotate_2.jpeg
9,9_59_rotate_2.jpeg
10,a_59_rotate_2.jpeg
11,b_59_rotate_2.jpeg
12,c_59_rotate_2.jpeg
13,d_59_rotate_2.jpeg
14,e_59_rotate_2.jpeg
15,f_59_rotate_2.jpeg
16,g_59_rotate_2.jpeg
17,h_59_rotate_2.jpeg
18,i_59_rotate_2.jpeg
19,j_59_rotate_2.jpeg
20,k_59_rotate_2.jpeg
21,l_59_rotate_2.jpeg
22,m_59_rotate_2.jpeg
23,n_59_rotate_2.jpeg
24,o_59_rotate_2.jpeg
25,p_59_rotate_2.jpeg
26,q_59_rotate_2.jpeg
27,r_59_rotate_2.jpeg
28,s_59_rotate_2.jpeg
29,t_59_rotate_2.jpeg
30,u_59_rotate_2.jpeg
31,v_59_rotate_2.jpeg
32,w_59_rotate_2.jpeg
33,x_59_rotate_2.jpeg
34,y_59_rotate_2.jpeg
35,z_59_rotate_2.jpeg
1,1_59_rotate_3.jpeg
2,2_59_rotate_3.jpeg
3,3_59_rotate_3.jpeg
4,4_59_rotate_3.jpeg
5,5_59_rotate_3.jpeg
6,6_59_rotate_3.jpeg
7,7_59_rotate_3.jpeg
8,8_59_rotate_3.jpeg
9,9_59_rotate_3.jpeg
10,a_59_rotate_3.jpeg
11,b_59_rotate_3.jpeg
12,c_59_rotate_3.jpeg
13,d_59_rotate_3.jpeg
14,e_59_rotate_3.jpeg
15,f_59_rotate_3.jpeg
16,g_59_rotate_3.jpeg
17,h_59_rotate_3.jpeg
18,i_59_rotate_3.jpeg
19,j_59_rotate_3.jpeg
20,k_59_rotate_3.jpeg
21,l_59_rotate_3.jpeg
22,m_59_rotate_3.jpeg
23,n_59_rotate_3.jpeg
24,o_59_rotate_3.jpeg
25,p_59_rotate_3.jpeg
26,q_59_rotate_3.jpeg
27,r_59_rotate_3.jpeg
28,s_59_rotate_3.jpeg
29,t_59_rotate_3.jpeg
30,u_59_rotate_3.jpeg
31,v_59_rotate_3.jpeg
32,w_59_rotate_3.jpeg
33,x_59_rotate_3.jpeg
34,y_59_rotate_3.jpeg
35,z_59_rotate_3.jpeg
1,1_59_rotate_4.jpeg
2,2_59_rotate_4.jpeg
3,3_59_rotate_4.jpeg
4,4_59_rotate_4.jpeg
5,5_59_rotate_4.jpeg
6,6_59_rotate_4.jpeg
7,7_59_rotate_4.jpeg
8,8_59_rotate_4.jpeg
9,9_59_rotate_4.jpeg
10,a_59_rotate_4.jpeg
11,b_59_rotate_4.jpeg
12,c_59_rotate_4.jpeg
13,d_59_rotate_4.jpeg
14,e_59_rotate_4.jpeg
15,f_59_rotate_4.jpeg
16,g_59_rotate_4.jpeg
17,h_59_rotate_4.jpeg
18,i_59_rotate_4.jpeg
19,j_59_rotate_4.jpeg
20,k_59_rotate_4.jpeg
21,l_59_rotate_4.jpeg
22,m_59_rotate_4.jpeg
23,n_59_rotate_4.jpeg
24,o_59_rotate_4.jpeg
25,p_59_rotate_4.jpeg
26,q_59_rotate_4.jpeg
27,r_59_rotate_4.jpeg
28,s_59_rotate_4.jpeg
29,t_59_rotate_4.jpeg
30,u_59_rotate_4.jpeg
31,v_59_rotate_4.jpeg
32,w_59_rotate_4.jpeg
33,x_59_rotate_4.jpeg
34,y_59_rotate_4.jpeg
35,z_59_rotate_4.jpeg
1,1_59_rotate_5.jpeg
2,2_59_rotate_5.jpeg
3,3_59_rotate_5.jpeg
4,4_59_rotate_5.jpeg
5,5_59_rotate_5.jpeg
6,6_59_rotate_5.jpeg
7,7_59_rotate_5.jpeg
8,8_59_rotate_5.jpeg
9,9_59_rotate_5.jpeg
10,a_59_rotate_5.jpeg
11,b_59_rotate_5.jpeg
12,c_59_rotate_5.jpeg
13,d_59_rotate_5.jpeg
14,e_59_rotate_5.jpeg
15,f_59_rotate_5.jpeg
16,g_59_rotate_5.jpeg
17,h_59_rotate_5.jpeg
18,i_59_rotate_5.jpeg
19,j_59_rotate_5.jpeg
20,k_59_rotate_5.jpeg
21,l_59_rotate_5.jpeg
22,m_59_rotate_5.jpeg
23,n_59_rotate_5.jpeg
24,o_59_rotate_5.jpeg
25,p_59_rotate_5.jpeg
26,q_59_rotate_5.jpeg
27,r_59_rotate_5.jpeg
28,s_59_rotate_5.jpeg
29,t_59_rotate_5.jpeg
30,u_59_rotate_5.jpeg
31,v_59_rotate_5.jpeg
32,w_59_rotate_5.jpeg
33,x_59_rotate_5.jpeg
34,y_59_rotate_5.jpeg
35,z_59_rotate_5.jpeg
1,1_59_rotate_6.jpeg
2,2_59_rotate_6.jpeg
3,3_59_rotate_6.jpeg
4,4_59_rotate_6.jpeg
5,5_59_rotate_6.jpeg
6,6_59_rotate_6.jpeg
7,7_59_rotate_6.jpeg
8,8_59_rotate_6.jpeg
9,9_59_rotate_6.jpeg
10,a_59_rotate_6.jpeg
11,b_59_rotate_6.jpeg
12,c_59_rotate_6.jpeg
13,d_59_rotate_6.jpeg
14,e_59_rotate_6.jpeg
15,f_59_rotate_6.jpeg
16,g_59_rotate_6.jpeg
17,h_59_rotate_6.jpeg
18,i_59_rotate_6.jpeg
19,j_59_rotate_6.jpeg
20,k_59_rotate_6.jpeg
21,l_59_rotate_6.jpeg
22,m_59_rotate_6.jpeg
23,n_59_rotate_6.jpeg
24,o_59_rotate_6.jpeg
25,p_59_rotate_6.jpeg
26,q_59_rotate_6.jpeg
27,r_59_rotate_6.jpeg
28,s_59_rotate_6.jpeg
29,t_59_rotate_6.jpeg
30,u_59_rotate_6.jpeg
31,v_59_rotate_6.jpeg
32,w_59_rotate_6.jpeg
33,x_59_rotate_6.jpeg
34,y_59_rotate_6.jpeg
35,z_59_rotate_6.jpeg
1,1_59_rotate_7.jpeg
2,2_59_rotate_7.jpeg
3,3_59_rotate_7.jpeg
4,4_59_rotate_7.jpeg
5,5_59_rotate_7.jpeg
6,6_59_rotate_7.jpeg
7,7_59_rotate_7.jpeg
8,8_59_rotate_7.jpeg
9,9_59_rotate_7.jpeg
10,a_59_rotate_7.jpeg
11,b_59_rotate_7.jpeg
12,c_59_rotate_7.jpeg
13,d_59_rotate_7.jpeg
14,e_59_rotate_7.jpeg
15,f_59_rotate_7.jpeg
16,g_59_rotate_7.jpeg
17,h_59_rotate_7.jpeg
18,i_59_rotate_7.jpeg
19,j_59_rotate_7.jpeg
20,k_59_rotate_7.jpeg
21,l_59_rotate_7.jpeg
22,m_59_rotate_7.jpeg
23,n_59_rotate_7.jpeg
24,o_59_rotate_7.jpeg
25,p_59_rotate_7.jpeg
26,q_59_rotate_7.jpeg
27,r_59_rotate_7.jpeg
28,s_59_rotate_7.jpeg
29,t_59_rotate_7.jpeg
30,u_59_rotate_7.jpeg
31,v_59_rotate_7.jpeg
32,w_59_rotate_7.jpeg
33,x_59_rotate_7.jpeg
34,y_59_rotate_7.jpeg
35,z_59_rotate_7.jpeg
1,1_59_rotate_8.jpeg
2,2_59_rotate_8.jpeg
3,3_59_rotate_8.jpeg
4,4_59_rotate_8.jpeg
5,5_59_rotate_8.jpeg
6,6_59_rotate_8.jpeg
7,7_59_rotate_8.jpeg
8,8_59_rotate_8.jpeg
9,9_59_rotate_8.jpeg
10,a_59_rotate_8.jpeg
11,b_59_rotate_8.jpeg
12,c_59_rotate_8.jpeg
13,d_59_rotate_8.jpeg
14,e_59_rotate_8.jpeg
15,f_59_rotate_8.jpeg
16,g_59_rotate_8.jpeg
17,h_59_rotate_8.jpeg
18,i_59_rotate_8.jpeg
19,j_59_rotate_8.jpeg
20,k_59_rotate_8.jpeg
21,l_59_rotate_8.jpeg
22,m_59_rotate_8.jpeg
23,n_59_rotate_8.jpeg
24,o_59_rotate_8.jpeg
25,p_59_rotate_8.jpeg
26,q_59_rotate_8.jpeg
27,r_59_rotate_8.jpeg
28,s_59_rotate_8.jpeg
29,t_59_rotate_8.jpeg
30,u_59_rotate_8.jpeg
31,v_59_rotate_8.jpeg
32,w_59_rotate_8.jpeg
33,x_59_rotate_8.jpeg
34,y_59_rotate_8.jpeg
35,z_59_rotate_8.jpeg
1,1_59_rotate_9.jpeg
2,2_59_rotate_9.jpeg
3,3_59_rotate_9.jpeg
4,4_59_rotate_9.jpeg
5,5_59_rotate_9.jpeg
6,6_59_rotate_9.jpeg
7,7_59_rotate_9.jpeg
8,8_59_rotate_9.jpeg
9,9_59_rotate_9.jpeg
10,a_59_rotate_9.jpeg
11,b_59_rotate_9.jpeg
12,c_59_rotate_9.jpeg
13,d_59_rotate_9.jpeg
14,e_59_rotate_9.jpeg
15,f_59_rotate_9.jpeg
16,g_59_rotate_9.jpeg
17,h_59_rotate_9.jpeg
18,i_59_rotate_9.jpeg
19,j_59_rotate_9.jpeg
20,k_59_rotate_9.jpeg
21,l_59_rotate_9.jpeg
22,m_59_rotate_9.jpeg
23,n_59_rotate_9.jpeg
24,o_59_rotate_9.jpeg
25,p_59_rotate_9.jpeg
26,q_59_rotate_9.jpeg
27,r_59_rotate_9.jpeg
28,s_59_rotate_9.jpeg
29,t_59_rotate_9.jpeg
30,u_59_rotate_9.jpeg
31,v_59_rotate_9.jpeg
32,w_59_rotate_9.jpeg
33,x_59_rotate_9.jpeg
34,y_59_rotate_9.jpeg
35,z_59_rotate_9.jpeg
1,1_5_rotate_1.jpeg
2,2_5_rotate_1.jpeg
3,3_5_rotate_1.jpeg
4,4_5_rotate_1.jpeg
5,5_5_rotate_1.jpeg
6,6_5_rotate_1.jpeg
7,7_5_rotate_1.jpeg
8,8_5_rotate_1.jpeg
9,9_5_rotate_1.jpeg
10,a_5_rotate_1.jpeg
11,b_5_rotate_1.jpeg
12,c_5_rotate_1.jpeg
13,d_5_rotate_1.jpeg
14,e_5_rotate_1.jpeg
15,f_5_rotate_1.jpeg
16,g_5_rotate_1.jpeg
17,h_5_rotate_1.jpeg
18,i_5_rotate_1.jpeg
19,j_5_rotate_1.jpeg
20,k_5_rotate_1.jpeg
21,l_5_rotate_1.jpeg
22,m_5_rotate_1.jpeg
23,n_5_rotate_1.jpeg
24,o_5_rotate_1.jpeg
25,p_5_rotate_1.jpeg
26,q_5_rotate_1.jpeg
27,r_5_rotate_1.jpeg
28,s_5_rotate_1.jpeg
29,t_5_rotate_1.jpeg
30,u_5_rotate_1.jpeg
31,v_5_rotate_1.jpeg
32,w_5_rotate_1.jpeg
33,x_5_rotate_1.jpeg
34,y_5_rotate_1.jpeg
35,z_5_rotate_1.jpeg
1,1_5_rotate_10.jpeg
2,2_5_rotate_10.jpeg
3,3_5_rotate_10.jpeg
4,4_5_rotate_10.jpeg
5,5_5_rotate_10.jpeg
6,6_5_rotate_10.jpeg
7,7_5_rotate_10.jpeg
8,8_5_rotate_10.jpeg
9,9_5_rotate_10.jpeg
10,a_5_rotate_10.jpeg
11,b_5_rotate_10.jpeg
12,c_5_rotate_10.jpeg
13,d_5_rotate_10.jpeg
14,e_5_rotate_10.jpeg
15,f_5_rotate_10.jpeg
16,g_5_rotate_10.jpeg
17,h_5_rotate_10.jpeg
18,i_5_rotate_10.jpeg
19,j_5_rotate_10.jpeg
20,k_5_rotate_10.jpeg
21,l_5_rotate_10.jpeg
22,m_5_rotate_10.jpeg
23,n_5_rotate_10.jpeg
24,o_5_rotate_10.jpeg
25,p_5_rotate_10.jpeg
26,q_5_rotate_10.jpeg
27,r_5_rotate_10.jpeg
28,s_5_rotate_10.jpeg
29,t_5_rotate_10.jpeg
30,u_5_rotate_10.jpeg
31,v_5_rotate_10.jpeg
32,w_5_rotate_10.jpeg
33,x_5_rotate_10.jpeg
34,y_5_rotate_10.jpeg
35,z_5_rotate_10.jpeg
1,1_5_rotate_2.jpeg
2,2_5_rotate_2.jpeg
3,3_5_rotate_2.jpeg
4,4_5_rotate_2.jpeg
5,5_5_rotate_2.jpeg
6,6_5_rotate_2.jpeg
7,7_5_rotate_2.jpeg
8,8_5_rotate_2.jpeg
9,9_5_rotate_2.jpeg
10,a_5_rotate_2.jpeg
11,b_5_rotate_2.jpeg
12,c_5_rotate_2.jpeg
13,d_5_rotate_2.jpeg
14,e_5_rotate_2.jpeg
15,f_5_rotate_2.jpeg
16,g_5_rotate_2.jpeg
17,h_5_rotate_2.jpeg
18,i_5_rotate_2.jpeg
19,j_5_rotate_2.jpeg
20,k_5_rotate_2.jpeg
21,l_5_rotate_2.jpeg
22,m_5_rotate_2.jpeg
23,n_5_rotate_2.jpeg
24,o_5_rotate_2.jpeg
25,p_5_rotate_2.jpeg
26,q_5_rotate_2.jpeg
27,r_5_rotate_2.jpeg
28,s_5_rotate_2.jpeg
29,t_5_rotate_2.jpeg
30,u_5_rotate_2.jpeg
31,v_5_rotate_2.jpeg
32,w_5_rotate_2.jpeg
33,x_5_rotate_2.jpeg
34,y_5_rotate_2.jpeg
35,z_5_rotate_2.jpeg
1,1_5_rotate_3.jpeg
2,2_5_rotate_3.jpeg
3,3_5_rotate_3.jpeg
4,4_5_rotate_3.jpeg
5,5_5_rotate_3.jpeg
6,6_5_rotate_3.jpeg
7,7_5_rotate_3.jpeg
8,8_5_rotate_3.jpeg
9,9_5_rotate_3.jpeg
10,a_5_rotate_3.jpeg
11,b_5_rotate_3.jpeg
12,c_5_rotate_3.jpeg
13,d_5_rotate_3.jpeg
14,e_5_rotate_3.jpeg
15,f_5_rotate_3.jpeg
16,g_5_rotate_3.jpeg
17,h_5_rotate_3.jpeg
18,i_5_rotate_3.jpeg
19,j_5_rotate_3.jpeg
20,k_5_rotate_3.jpeg
21,l_5_rotate_3.jpeg
22,m_5_rotate_3.jpeg
23,n_5_rotate_3.jpeg
24,o_5_rotate_3.jpeg
25,p_5_rotate_3.jpeg
26,q_5_rotate_3.jpeg
27,r_5_rotate_3.jpeg
28,s_5_rotate_3.jpeg
29,t_5_rotate_3.jpeg
30,u_5_rotate_3.jpeg
31,v_5_rotate_3.jpeg
32,w_5_rotate_3.jpeg
33,x_5_rotate_3.jpeg
34,y_5_rotate_3.jpeg
35,z_5_rotate_3.jpeg
1,1_5_rotate_4.jpeg
2,2_5_rotate_4.jpeg
3,3_5_rotate_4.jpeg
4,4_5_rotate_4.jpeg
5,5_5_rotate_4.jpeg
6,6_5_rotate_4.jpeg
7,7_5_rotate_4.jpeg
8,8_5_rotate_4.jpeg
9,9_5_rotate_4.jpeg
10,a_5_rotate_4.jpeg
11,b_5_rotate_4.jpeg
12,c_5_rotate_4.jpeg
13,d_5_rotate_4.jpeg
14,e_5_rotate_4.jpeg
15,f_5_rotate_4.jpeg
16,g_5_rotate_4.jpeg
17,h_5_rotate_4.jpeg
18,i_5_rotate_4.jpeg
19,j_5_rotate_4.jpeg
20,k_5_rotate_4.jpeg
21,l_5_rotate_4.jpeg
22,m_5_rotate_4.jpeg
23,n_5_rotate_4.jpeg
24,o_5_rotate_4.jpeg
25,p_5_rotate_4.jpeg
26,q_5_rotate_4.jpeg
27,r_5_rotate_4.jpeg
28,s_5_rotate_4.jpeg
29,t_5_rotate_4.jpeg
30,u_5_rotate_4.jpeg
31,v_5_rotate_4.jpeg
32,w_5_rotate_4.jpeg
33,x_5_rotate_4.jpeg
34,y_5_rotate_4.jpeg
35,z_5_rotate_4.jpeg
1,1_5_rotate_5.jpeg
2,2_5_rotate_5.jpeg
3,3_5_rotate_5.jpeg
4,4_5_rotate_5.jpeg
5,5_5_rotate_5.jpeg
6,6_5_rotate_5.jpeg
7,7_5_rotate_5.jpeg
8,8_5_rotate_5.jpeg
9,9_5_rotate_5.jpeg
10,a_5_rotate_5.jpeg
11,b_5_rotate_5.jpeg
12,c_5_rotate_5.jpeg
13,d_5_rotate_5.jpeg
14,e_5_rotate_5.jpeg
15,f_5_rotate_5.jpeg
16,g_5_rotate_5.jpeg
17,h_5_rotate_5.jpeg
18,i_5_rotate_5.jpeg
19,j_5_rotate_5.jpeg
20,k_5_rotate_5.jpeg
21,l_5_rotate_5.jpeg
22,m_5_rotate_5.jpeg
23,n_5_rotate_5.jpeg
24,o_5_rotate_5.jpeg
25,p_5_rotate_5.jpeg
26,q_5_rotate_5.jpeg
27,r_5_rotate_5.jpeg
28,s_5_rotate_5.jpeg
29,t_5_rotate_5.jpeg
30,u_5_rotate_5.jpeg
31,v_5_rotate_5.jpeg
32,w_5_rotate_5.jpeg
33,x_5_rotate_5.jpeg
34,y_5_rotate_5.jpeg
35,z_5_rotate_5.jpeg
1,1_5_rotate_6.jpeg
2,2_5_rotate_6.jpeg
3,3_5_rotate_6.jpeg
4,4_5_rotate_6.jpeg
5,5_5_rotate_6.jpeg
6,6_5_rotate_6.jpeg
7,7_5_rotate_6.jpeg
8,8_5_rotate_6.jpeg
9,9_5_rotate_6.jpeg
10,a_5_rotate_6.jpeg
11,b_5_rotate_6.jpeg
12,c_5_rotate_6.jpeg
13,d_5_rotate_6.jpeg
14,e_5_rotate_6.jpeg
15,f_5_rotate_6.jpeg
16,g_5_rotate_6.jpeg
17,h_5_rotate_6.jpeg
18,i_5_rotate_6.jpeg
19,j_5_rotate_6.jpeg
20,k_5_rotate_6.jpeg
21,l_5_rotate_6.jpeg
22,m_5_rotate_6.jpeg
23,n_5_rotate_6.jpeg
24,o_5_rotate_6.jpeg
25,p_5_rotate_6.jpeg
26,q_5_rotate_6.jpeg
27,r_5_rotate_6.jpeg
28,s_5_rotate_6.jpeg
29,t_5_rotate_6.jpeg
30,u_5_rotate_6.jpeg
31,v_5_rotate_6.jpeg
32,w_5_rotate_6.jpeg
33,x_5_rotate_6.jpeg
34,y_5_rotate_6.jpeg
35,z_5_rotate_6.jpeg
1,1_5_rotate_7.jpeg
2,2_5_rotate_7.jpeg
3,3_5_rotate_7.jpeg
4,4_5_rotate_7.jpeg
5,5_5_rotate_7.jpeg
6,6_5_rotate_7.jpeg
7,7_5_rotate_7.jpeg
8,8_5_rotate_7.jpeg
9,9_5_rotate_7.jpeg
10,a_5_rotate_7.jpeg
11,b_5_rotate_7.jpeg
12,c_5_rotate_7.jpeg
13,d_5_rotate_7.jpeg
14,e_5_rotate_7.jpeg
15,f_5_rotate_7.jpeg
16,g_5_rotate_7.jpeg
17,h_5_rotate_7.jpeg
18,i_5_rotate_7.jpeg
19,j_5_rotate_7.jpeg
20,k_5_rotate_7.jpeg
21,l_5_rotate_7.jpeg
22,m_5_rotate_7.jpeg
23,n_5_rotate_7.jpeg
24,o_5_rotate_7.jpeg
25,p_5_rotate_7.jpeg
26,q_5_rotate_7.jpeg
27,r_5_rotate_7.jpeg
28,s_5_rotate_7.jpeg
29,t_5_rotate_7.jpeg
30,u_5_rotate_7.jpeg
31,v_5_rotate_7.jpeg
32,w_5_rotate_7.jpeg
33,x_5_rotate_7.jpeg
34,y_5_rotate_7.jpeg
35,z_5_rotate_7.jpeg
1,1_5_rotate_8.jpeg
2,2_5_rotate_8.jpeg
3,3_5_rotate_8.jpeg
4,4_5_rotate_8.jpeg
5,5_5_rotate_8.jpeg
6,6_5_rotate_8.jpeg
7,7_5_rotate_8.jpeg
8,8_5_rotate_8.jpeg
9,9_5_rotate_8.jpeg
10,a_5_rotate_8.jpeg
11,b_5_rotate_8.jpeg
12,c_5_rotate_8.jpeg
13,d_5_rotate_8.jpeg
14,e_5_rotate_8.jpeg
15,f_5_rotate_8.jpeg
16,g_5_rotate_8.jpeg
17,h_5_rotate_8.jpeg
18,i_5_rotate_8.jpeg
19,j_5_rotate_8.jpeg
20,k_5_rotate_8.jpeg
21,l_5_rotate_8.jpeg
22,m_5_rotate_8.jpeg
23,n_5_rotate_8.jpeg
24,o_5_rotate_8.jpeg
25,p_5_rotate_8.jpeg
26,q_5_rotate_8.jpeg
27,r_5_rotate_8.jpeg
28,s_5_rotate_8.jpeg
29,t_5_rotate_8.jpeg
30,u_5_rotate_8.jpeg
31,v_5_rotate_8.jpeg
32,w_5_rotate_8.jpeg
33,x_5_rotate_8.jpeg
34,y_5_rotate_8.jpeg
35,z_5_rotate_8.jpeg
1,1_5_rotate_9.jpeg
2,2_5_rotate_9.jpeg
3,3_5_rotate_9.jpeg
4,4_5_rotate_9.jpeg
5,5_5_rotate_9.jpeg
6,6_5_rotate_9.jpeg
7,7_5_rotate_9.jpeg
8,8_5_rotate_9.jpeg
9,9_5_rotate_9.jpeg
10,a_5_rotate_9.jpeg
11,b_5_rotate_9.jpeg
12,c_5_rotate_9.jpeg
13,d_5_rotate_9.jpeg
14,e_5_rotate_9.jpeg
15,f_5_rotate_9.jpeg
16,g_5_rotate_9.jpeg
17,h_5_rotate_9.jpeg
18,i_5_rotate_9.jpeg
19,j_5_rotate_9.jpeg
20,k_5_rotate_9.jpeg
21,l_5_rotate_9.jpeg
22,m_5_rotate_9.jpeg
23,n_5_rotate_9.jpeg
24,o_5_rotate_9.jpeg
25,p_5_rotate_9.jpeg
26,q_5_rotate_9.jpeg
27,r_5_rotate_9.jpeg
28,s_5_rotate_9.jpeg
29,t_5_rotate_9.jpeg
30,u_5_rotate_9.jpeg
31,v_5_rotate_9.jpeg
32,w_5_rotate_9.jpeg
33,x_5_rotate_9.jpeg
34,y_5_rotate_9.jpeg
35,z_5_rotate_9.jpeg
1,1_60_rotate_1.jpeg
2,2_60_rotate_1.jpeg
3,3_60_rotate_1.jpeg
4,4_60_rotate_1.jpeg
5,5_60_rotate_1.jpeg
6,6_60_rotate_1.jpeg
7,7_60_rotate_1.jpeg
8,8_60_rotate_1.jpeg
9,9_60_rotate_1.jpeg
10,a_60_rotate_1.jpeg
11,b_60_rotate_1.jpeg
12,c_60_rotate_1.jpeg
13,d_60_rotate_1.jpeg
14,e_60_rotate_1.jpeg
15,f_60_rotate_1.jpeg
16,g_60_rotate_1.jpeg
17,h_60_rotate_1.jpeg
18,i_60_rotate_1.jpeg
19,j_60_rotate_1.jpeg
20,k_60_rotate_1.jpeg
21,l_60_rotate_1.jpeg
22,m_60_rotate_1.jpeg
23,n_60_rotate_1.jpeg
24,o_60_rotate_1.jpeg
25,p_60_rotate_1.jpeg
26,q_60_rotate_1.jpeg
27,r_60_rotate_1.jpeg
28,s_60_rotate_1.jpeg
29,t_60_rotate_1.jpeg
30,u_60_rotate_1.jpeg
31,v_60_rotate_1.jpeg
32,w_60_rotate_1.jpeg
33,x_60_rotate_1.jpeg
34,y_60_rotate_1.jpeg
35,z_60_rotate_1.jpeg
1,1_60_rotate_10.jpeg
2,2_60_rotate_10.jpeg
3,3_60_rotate_10.jpeg
4,4_60_rotate_10.jpeg
5,5_60_rotate_10.jpeg
6,6_60_rotate_10.jpeg
7,7_60_rotate_10.jpeg
8,8_60_rotate_10.jpeg
9,9_60_rotate_10.jpeg
10,a_60_rotate_10.jpeg
11,b_60_rotate_10.jpeg
12,c_60_rotate_10.jpeg
13,d_60_rotate_10.jpeg
14,e_60_rotate_10.jpeg
15,f_60_rotate_10.jpeg
16,g_60_rotate_10.jpeg
17,h_60_rotate_10.jpeg
18,i_60_rotate_10.jpeg
19,j_60_rotate_10.jpeg
20,k_60_rotate_10.jpeg
21,l_60_rotate_10.jpeg
22,m_60_rotate_10.jpeg
23,n_60_rotate_10.jpeg
24,o_60_rotate_10.jpeg
25,p_60_rotate_10.jpeg
26,q_60_rotate_10.jpeg
27,r_60_rotate_10.jpeg
28,s_60_rotate_10.jpeg
29,t_60_rotate_10.jpeg
30,u_60_rotate_10.jpeg
31,v_60_rotate_10.jpeg
32,w_60_rotate_10.jpeg
33,x_60_rotate_10.jpeg
34,y_60_rotate_10.jpeg
35,z_60_rotate_10.jpeg
1,1_60_rotate_2.jpeg
2,2_60_rotate_2.jpeg
3,3_60_rotate_2.jpeg
4,4_60_rotate_2.jpeg
5,5_60_rotate_2.jpeg
6,6_60_rotate_2.jpeg
7,7_60_rotate_2.jpeg
8,8_60_rotate_2.jpeg
9,9_60_rotate_2.jpeg
10,a_60_rotate_2.jpeg
11,b_60_rotate_2.jpeg
12,c_60_rotate_2.jpeg
13,d_60_rotate_2.jpeg
14,e_60_rotate_2.jpeg
15,f_60_rotate_2.jpeg
16,g_60_rotate_2.jpeg
17,h_60_rotate_2.jpeg
18,i_60_rotate_2.jpeg
19,j_60_rotate_2.jpeg
20,k_60_rotate_2.jpeg
21,l_60_rotate_2.jpeg
22,m_60_rotate_2.jpeg
23,n_60_rotate_2.jpeg
24,o_60_rotate_2.jpeg
25,p_60_rotate_2.jpeg
26,q_60_rotate_2.jpeg
27,r_60_rotate_2.jpeg
28,s_60_rotate_2.jpeg
29,t_60_rotate_2.jpeg
30,u_60_rotate_2.jpeg
31,v_60_rotate_2.jpeg
32,w_60_rotate_2.jpeg
33,x_60_rotate_2.jpeg
34,y_60_rotate_2.jpeg
35,z_60_rotate_2.jpeg
1,1_60_rotate_3.jpeg
2,2_60_rotate_3.jpeg
3,3_60_rotate_3.jpeg
4,4_60_rotate_3.jpeg
5,5_60_rotate_3.jpeg
6,6_60_rotate_3.jpeg
7,7_60_rotate_3.jpeg
8,8_60_rotate_3.jpeg
9,9_60_rotate_3.jpeg
10,a_60_rotate_3.jpeg
11,b_60_rotate_3.jpeg
12,c_60_rotate_3.jpeg
13,d_60_rotate_3.jpeg
14,e_60_rotate_3.jpeg
15,f_60_rotate_3.jpeg
16,g_60_rotate_3.jpeg
17,h_60_rotate_3.jpeg
18,i_60_rotate_3.jpeg
19,j_60_rotate_3.jpeg
20,k_60_rotate_3.jpeg
21,l_60_rotate_3.jpeg
22,m_60_rotate_3.jpeg
23,n_60_rotate_3.jpeg
24,o_60_rotate_3.jpeg
25,p_60_rotate_3.jpeg
26,q_60_rotate_3.jpeg
27,r_60_rotate_3.jpeg
28,s_60_rotate_3.jpeg
29,t_60_rotate_3.jpeg
30,u_60_rotate_3.jpeg
31,v_60_rotate_3.jpeg
32,w_60_rotate_3.jpeg
33,x_60_rotate_3.jpeg
34,y_60_rotate_3.jpeg
35,z_60_rotate_3.jpeg
1,1_60_rotate_4.jpeg
2,2_60_rotate_4.jpeg
3,3_60_rotate_4.jpeg
4,4_60_rotate_4.jpeg
5,5_60_rotate_4.jpeg
6,6_60_rotate_4.jpeg
7,7_60_rotate_4.jpeg
8,8_60_rotate_4.jpeg
9,9_60_rotate_4.jpeg
10,a_60_rotate_4.jpeg
11,b_60_rotate_4.jpeg
12,c_60_rotate_4.jpeg
13,d_60_rotate_4.jpeg
14,e_60_rotate_4.jpeg
15,f_60_rotate_4.jpeg
16,g_60_rotate_4.jpeg
17,h_60_rotate_4.jpeg
18,i_60_rotate_4.jpeg
19,j_60_rotate_4.jpeg
20,k_60_rotate_4.jpeg
21,l_60_rotate_4.jpeg
22,m_60_rotate_4.jpeg
23,n_60_rotate_4.jpeg
24,o_60_rotate_4.jpeg
25,p_60_rotate_4.jpeg
26,q_60_rotate_4.jpeg
27,r_60_rotate_4.jpeg
28,s_60_rotate_4.jpeg
29,t_60_rotate_4.jpeg
30,u_60_rotate_4.jpeg
31,v_60_rotate_4.jpeg
32,w_60_rotate_4.jpeg
33,x_60_rotate_4.jpeg
34,y_60_rotate_4.jpeg
35,z_60_rotate_4.jpeg
1,1_60_rotate_5.jpeg
2,2_60_rotate_5.jpeg
3,3_60_rotate_5.jpeg
4,4_60_rotate_5.jpeg
5,5_60_rotate_5.jpeg
6,6_60_rotate_5.jpeg
7,7_60_rotate_5.jpeg
8,8_60_rotate_5.jpeg
9,9_60_rotate_5.jpeg
10,a_60_rotate_5.jpeg
11,b_60_rotate_5.jpeg
12,c_60_rotate_5.jpeg
13,d_60_rotate_5.jpeg
14,e_60_rotate_5.jpeg
15,f_60_rotate_5.jpeg
16,g_60_rotate_5.jpeg
17,h_60_rotate_5.jpeg
18,i_60_rotate_5.jpeg
19,j_60_rotate_5.jpeg
20,k_60_rotate_5.jpeg
21,l_60_rotate_5.jpeg
22,m_60_rotate_5.jpeg
23,n_60_rotate_5.jpeg
24,o_60_rotate_5.jpeg
25,p_60_rotate_5.jpeg
26,q_60_rotate_5.jpeg
27,r_60_rotate_5.jpeg
28,s_60_rotate_5.jpeg
29,t_60_rotate_5.jpeg
30,u_60_rotate_5.jpeg
31,v_60_rotate_5.jpeg
32,w_60_rotate_5.jpeg
33,x_60_rotate_5.jpeg
34,y_60_rotate_5.jpeg
35,z_60_rotate_5.jpeg
1,1_60_rotate_6.jpeg
2,2_60_rotate_6.jpeg
3,3_60_rotate_6.jpeg
4,4_60_rotate_6.jpeg
5,5_60_rotate_6.jpeg
6,6_60_rotate_6.jpeg
7,7_60_rotate_6.jpeg
8,8_60_rotate_6.jpeg
9,9_60_rotate_6.jpeg
10,a_60_rotate_6.jpeg
11,b_60_rotate_6.jpeg
12,c_60_rotate_6.jpeg
13,d_60_rotate_6.jpeg
14,e_60_rotate_6.jpeg
15,f_60_rotate_6.jpeg
16,g_60_rotate_6.jpeg
17,h_60_rotate_6.jpeg
18,i_60_rotate_6.jpeg
19,j_60_rotate_6.jpeg
20,k_60_rotate_6.jpeg
21,l_60_rotate_6.jpeg
22,m_60_rotate_6.jpeg
23,n_60_rotate_6.jpeg
24,o_60_rotate_6.jpeg
25,p_60_rotate_6.jpeg
26,q_60_rotate_6.jpeg
27,r_60_rotate_6.jpeg
28,s_60_rotate_6.jpeg
29,t_60_rotate_6.jpeg
30,u_60_rotate_6.jpeg
31,v_60_rotate_6.jpeg
32,w_60_rotate_6.jpeg
33,x_60_rotate_6.jpeg
34,y_60_rotate_6.jpeg
35,z_60_rotate_6.jpeg
1,1_60_rotate_7.jpeg
2,2_60_rotate_7.jpeg
3,3_60_rotate_7.jpeg
4,4_60_rotate_7.jpeg
5,5_60_rotate_7.jpeg
6,6_60_rotate_7.jpeg
7,7_60_rotate_7.jpeg
8,8_60_rotate_7.jpeg
9,9_60_rotate_7.jpeg
10,a_60_rotate_7.jpeg
11,b_60_rotate_7.jpeg
12,c_60_rotate_7.jpeg
13,d_60_rotate_7.jpeg
14,e_60_rotate_7.jpeg
15,f_60_rotate_7.jpeg
16,g_60_rotate_7.jpeg
17,h_60_rotate_7.jpeg
18,i_60_rotate_7.jpeg
19,j_60_rotate_7.jpeg
20,k_60_rotate_7.jpeg
21,l_60_rotate_7.jpeg
22,m_60_rotate_7.jpeg
23,n_60_rotate_7.jpeg
24,o_60_rotate_7.jpeg
25,p_60_rotate_7.jpeg
26,q_60_rotate_7.jpeg
27,r_60_rotate_7.jpeg
28,s_60_rotate_7.jpeg
29,t_60_rotate_7.jpeg
30,u_60_rotate_7.jpeg
31,v_60_rotate_7.jpeg
32,w_60_rotate_7.jpeg
33,x_60_rotate_7.jpeg
34,y_60_rotate_7.jpeg
35,z_60_rotate_7.jpeg
1,1_60_rotate_8.jpeg
2,2_60_rotate_8.jpeg
3,3_60_rotate_8.jpeg
4,4_60_rotate_8.jpeg
5,5_60_rotate_8.jpeg
6,6_60_rotate_8.jpeg
7,7_60_rotate_8.jpeg
8,8_60_rotate_8.jpeg
9,9_60_rotate_8.jpeg
10,a_60_rotate_8.jpeg
11,b_60_rotate_8.jpeg
12,c_60_rotate_8.jpeg
13,d_60_rotate_8.jpeg
14,e_60_rotate_8.jpeg
15,f_60_rotate_8.jpeg
16,g_60_rotate_8.jpeg
17,h_60_rotate_8.jpeg
18,i_60_rotate_8.jpeg
19,j_60_rotate_8.jpeg
20,k_60_rotate_8.jpeg
21,l_60_rotate_8.jpeg
22,m_60_rotate_8.jpeg
23,n_60_rotate_8.jpeg
24,o_60_rotate_8.jpeg
25,p_60_rotate_8.jpeg
26,q_60_rotate_8.jpeg
27,r_60_rotate_8.jpeg
28,s_60_rotate_8.jpeg
29,t_60_rotate_8.jpeg
30,u_60_rotate_8.jpeg
31,v_60_rotate_8.jpeg
32,w_60_rotate_8.jpeg
33,x_60_rotate_8.jpeg
34,y_60_rotate_8.jpeg
35,z_60_rotate_8.jpeg
1,1_60_rotate_9.jpeg
2,2_60_rotate_9.jpeg
3,3_60_rotate_9.jpeg
4,4_60_rotate_9.jpeg
5,5_60_rotate_9.jpeg
6,6_60_rotate_9.jpeg
7,7_60_rotate_9.jpeg
8,8_60_rotate_9.jpeg
9,9_60_rotate_9.jpeg
10,a_60_rotate_9.jpeg
11,b_60_rotate_9.jpeg
12,c_60_rotate_9.jpeg
13,d_60_rotate_9.jpeg
14,e_60_rotate_9.jpeg
15,f_60_rotate_9.jpeg
16,g_60_rotate_9.jpeg
17,h_60_rotate_9.jpeg
18,i_60_rotate_9.jpeg
19,j_60_rotate_9.jpeg
20,k_60_rotate_9.jpeg
21,l_60_rotate_9.jpeg
22,m_60_rotate_9.jpeg
23,n_60_rotate_9.jpeg
24,o_60_rotate_9.jpeg
25,p_60_rotate_9.jpeg
26,q_60_rotate_9.jpeg
27,r_60_rotate_9.jpeg
28,s_60_rotate_9.jpeg
29,t_60_rotate_9.jpeg
30,u_60_rotate_9.jpeg
31,v_60_rotate_9.jpeg
32,w_60_rotate_9.jpeg
33,x_60_rotate_9.jpeg
34,y_60_rotate_9.jpeg
35,z_60_rotate_9.jpeg
1,1_61_rotate_1.jpeg
2,2_61_rotate_1.jpeg
3,3_61_rotate_1.jpeg
4,4_61_rotate_1.jpeg
5,5_61_rotate_1.jpeg
6,6_61_rotate_1.jpeg
7,7_61_rotate_1.jpeg
8,8_61_rotate_1.jpeg
9,9_61_rotate_1.jpeg
10,a_61_rotate_1.jpeg
11,b_61_rotate_1.jpeg
12,c_61_rotate_1.jpeg
13,d_61_rotate_1.jpeg
14,e_61_rotate_1.jpeg
15,f_61_rotate_1.jpeg
16,g_61_rotate_1.jpeg
17,h_61_rotate_1.jpeg
18,i_61_rotate_1.jpeg
19,j_61_rotate_1.jpeg
20,k_61_rotate_1.jpeg
21,l_61_rotate_1.jpeg
22,m_61_rotate_1.jpeg
23,n_61_rotate_1.jpeg
24,o_61_rotate_1.jpeg
25,p_61_rotate_1.jpeg
26,q_61_rotate_1.jpeg
27,r_61_rotate_1.jpeg
28,s_61_rotate_1.jpeg
29,t_61_rotate_1.jpeg
30,u_61_rotate_1.jpeg
31,v_61_rotate_1.jpeg
32,w_61_rotate_1.jpeg
33,x_61_rotate_1.jpeg
34,y_61_rotate_1.jpeg
35,z_61_rotate_1.jpeg
1,1_61_rotate_10.jpeg
2,2_61_rotate_10.jpeg
3,3_61_rotate_10.jpeg
4,4_61_rotate_10.jpeg
5,5_61_rotate_10.jpeg
6,6_61_rotate_10.jpeg
7,7_61_rotate_10.jpeg
8,8_61_rotate_10.jpeg
9,9_61_rotate_10.jpeg
10,a_61_rotate_10.jpeg
11,b_61_rotate_10.jpeg
12,c_61_rotate_10.jpeg
13,d_61_rotate_10.jpeg
14,e_61_rotate_10.jpeg
15,f_61_rotate_10.jpeg
16,g_61_rotate_10.jpeg
17,h_61_rotate_10.jpeg
18,i_61_rotate_10.jpeg
19,j_61_rotate_10.jpeg
20,k_61_rotate_10.jpeg
21,l_61_rotate_10.jpeg
22,m_61_rotate_10.jpeg
23,n_61_rotate_10.jpeg
24,o_61_rotate_10.jpeg
25,p_61_rotate_10.jpeg
26,q_61_rotate_10.jpeg
27,r_61_rotate_10.jpeg
28,s_61_rotate_10.jpeg
29,t_61_rotate_10.jpeg
30,u_61_rotate_10.jpeg
31,v_61_rotate_10.jpeg
32,w_61_rotate_10.jpeg
33,x_61_rotate_10.jpeg
34,y_61_rotate_10.jpeg
35,z_61_rotate_10.jpeg
1,1_61_rotate_2.jpeg
2,2_61_rotate_2.jpeg
3,3_61_rotate_2.jpeg
4,4_61_rotate_2.jpeg
5,5_61_rotate_2.jpeg
6,6_61_rotate_2.jpeg
7,7_61_rotate_2.jpeg
8,8_61_rotate_2.jpeg
9,9_61_rotate_2.jpeg
10,a_61_rotate_2.jpeg
11,b_61_rotate_2.jpeg
12,c_61_rotate_2.jpeg
13,d_61_rotate_2.jpeg
14,e_61_rotate_2.jpeg
15,f_61_rotate_2.jpeg
16,g_61_rotate_2.jpeg
17,h_61_rotate_2.jpeg
18,i_61_rotate_2.jpeg
19,j_61_rotate_2.jpeg
20,k_61_rotate_2.jpeg
21,l_61_rotate_2.jpeg
22,m_61_rotate_2.jpeg
23,n_61_rotate_2.jpeg
24,o_61_rotate_2.jpeg
25,p_61_rotate_2.jpeg
26,q_61_rotate_2.jpeg
27,r_61_rotate_2.jpeg
28,s_61_rotate_2.jpeg
29,t_61_rotate_2.jpeg
30,u_61_rotate_2.jpeg
31,v_61_rotate_2.jpeg
32,w_61_rotate_2.jpeg
33,x_61_rotate_2.jpeg
34,y_61_rotate_2.jpeg
35,z_61_rotate_2.jpeg
1,1_61_rotate_3.jpeg
2,2_61_rotate_3.jpeg
3,3_61_rotate_3.jpeg
4,4_61_rotate_3.jpeg
5,5_61_rotate_3.jpeg
6,6_61_rotate_3.jpeg
7,7_61_rotate_3.jpeg
8,8_61_rotate_3.jpeg
9,9_61_rotate_3.jpeg
10,a_61_rotate_3.jpeg
11,b_61_rotate_3.jpeg
12,c_61_rotate_3.jpeg
13,d_61_rotate_3.jpeg
14,e_61_rotate_3.jpeg
15,f_61_rotate_3.jpeg
16,g_61_rotate_3.jpeg
17,h_61_rotate_3.jpeg
18,i_61_rotate_3.jpeg
19,j_61_rotate_3.jpeg
20,k_61_rotate_3.jpeg
21,l_61_rotate_3.jpeg
22,m_61_rotate_3.jpeg
23,n_61_rotate_3.jpeg
24,o_61_rotate_3.jpeg
25,p_61_rotate_3.jpeg
26,q_61_rotate_3.jpeg
27,r_61_rotate_3.jpeg
28,s_61_rotate_3.jpeg
29,t_61_rotate_3.jpeg
30,u_61_rotate_3.jpeg
31,v_61_rotate_3.jpeg
32,w_61_rotate_3.jpeg
33,x_61_rotate_3.jpeg
34,y_61_rotate_3.jpeg
35,z_61_rotate_3.jpeg
1,1_61_rotate_4.jpeg
2,2_61_rotate_4.jpeg
3,3_61_rotate_4.jpeg
4,4_61_rotate_4.jpeg
5,5_61_rotate_4.jpeg
6,6_61_rotate_4.jpeg
7,7_61_rotate_4.jpeg
8,8_61_rotate_4.jpeg
9,9_61_rotate_4.jpeg
10,a_61_rotate_4.jpeg
11,b_61_rotate_4.jpeg
12,c_61_rotate_4.jpeg
13,d_61_rotate_4.jpeg
14,e_61_rotate_4.jpeg
15,f_61_rotate_4.jpeg
16,g_61_rotate_4.jpeg
17,h_61_rotate_4.jpeg
18,i_61_rotate_4.jpeg
19,j_61_rotate_4.jpeg
20,k_61_rotate_4.jpeg
21,l_61_rotate_4.jpeg
22,m_61_rotate_4.jpeg
23,n_61_rotate_4.jpeg
24,o_61_rotate_4.jpeg
25,p_61_rotate_4.jpeg
26,q_61_rotate_4.jpeg
27,r_61_rotate_4.jpeg
28,s_61_rotate_4.jpeg
29,t_61_rotate_4.jpeg
30,u_61_rotate_4.jpeg
31,v_61_rotate_4.jpeg
32,w_61_rotate_4.jpeg
33,x_61_rotate_4.jpeg
34,y_61_rotate_4.jpeg
35,z_61_rotate_4.jpeg
1,1_61_rotate_5.jpeg
2,2_61_rotate_5.jpeg
3,3_61_rotate_5.jpeg
4,4_61_rotate_5.jpeg
5,5_61_rotate_5.jpeg
6,6_61_rotate_5.jpeg
7,7_61_rotate_5.jpeg
8,8_61_rotate_5.jpeg
9,9_61_rotate_5.jpeg
10,a_61_rotate_5.jpeg
11,b_61_rotate_5.jpeg
12,c_61_rotate_5.jpeg
13,d_61_rotate_5.jpeg
14,e_61_rotate_5.jpeg
15,f_61_rotate_5.jpeg
16,g_61_rotate_5.jpeg
17,h_61_rotate_5.jpeg
18,i_61_rotate_5.jpeg
19,j_61_rotate_5.jpeg
20,k_61_rotate_5.jpeg
21,l_61_rotate_5.jpeg
22,m_61_rotate_5.jpeg
23,n_61_rotate_5.jpeg
24,o_61_rotate_5.jpeg
25,p_61_rotate_5.jpeg
26,q_61_rotate_5.jpeg
27,r_61_rotate_5.jpeg
28,s_61_rotate_5.jpeg
29,t_61_rotate_5.jpeg
30,u_61_rotate_5.jpeg
31,v_61_rotate_5.jpeg
32,w_61_rotate_5.jpeg
33,x_61_rotate_5.jpeg
34,y_61_rotate_5.jpeg
35,z_61_rotate_5.jpeg
1,1_61_rotate_6.jpeg
2,2_61_rotate_6.jpeg
3,3_61_rotate_6.jpeg
4,4_61_rotate_6.jpeg
5,5_61_rotate_6.jpeg
6,6_61_rotate_6.jpeg
7,7_61_rotate_6.jpeg
8,8_61_rotate_6.jpeg
9,9_61_rotate_6.jpeg
10,a_61_rotate_6.jpeg
11,b_61_rotate_6.jpeg
12,c_61_rotate_6.jpeg
13,d_61_rotate_6.jpeg
14,e_61_rotate_6.jpeg
15,f_61_rotate_6.jpeg
16,g_61_rotate_6.jpeg
17,h_61_rotate_6.jpeg
18,i_61_rotate_6.jpeg
19,j_61_rotate_6.jpeg
20,k_61_rotate_6.jpeg
21,l_61_rotate_6.jpeg
22,m_61_rotate_6.jpeg
23,n_61_rotate_6.jpeg
24,o_61_rotate_6.jpeg
25,p_61_rotate_6.jpeg
26,q_61_rotate_6.jpeg
27,r_61_rotate_6.jpeg
28,s_61_rotate_6.jpeg
29,t_61_rotate_6.jpeg
30,u_61_rotate_6.jpeg
31,v_61_rotate_6.jpeg
32,w_61_rotate_6.jpeg
33,x_61_rotate_6.jpeg
34,y_61_rotate_6.jpeg
35,z_61_rotate_6.jpeg
1,1_61_rotate_7.jpeg
2,2_61_rotate_7.jpeg
3,3_61_rotate_7.jpeg
4,4_61_rotate_7.jpeg
5,5_61_rotate_7.jpeg
6,6_61_rotate_7.jpeg
7,7_61_rotate_7.jpeg
8,8_61_rotate_7.jpeg
9,9_61_rotate_7.jpeg
10,a_61_rotate_7.jpeg
11,b_61_rotate_7.jpeg
12,c_61_rotate_7.jpeg
13,d_61_rotate_7.jpeg
14,e_61_rotate_7.jpeg
15,f_61_rotate_7.jpeg
16,g_61_rotate_7.jpeg
17,h_61_rotate_7.jpeg
18,i_61_rotate_7.jpeg
19,j_61_rotate_7.jpeg
20,k_61_rotate_7.jpeg
21,l_61_rotate_7.jpeg
22,m_61_rotate_7.jpeg
23,n_61_rotate_7.jpeg
24,o_61_rotate_7.jpeg
25,p_61_rotate_7.jpeg
26,q_61_rotate_7.jpeg
27,r_61_rotate_7.jpeg
28,s_61_rotate_7.jpeg
29,t_61_rotate_7.jpeg
30,u_61_rotate_7.jpeg
31,v_61_rotate_7.jpeg
32,w_61_rotate_7.jpeg
33,x_61_rotate_7.jpeg
34,y_61_rotate_7.jpeg
35,z_61_rotate_7.jpeg
1,1_61_rotate_8.jpeg
2,2_61_rotate_8.jpeg
3,3_61_rotate_8.jpeg
4,4_61_rotate_8.jpeg
5,5_61_rotate_8.jpeg
6,6_61_rotate_8.jpeg
7,7_61_rotate_8.jpeg
8,8_61_rotate_8.jpeg
9,9_61_rotate_8.jpeg
10,a_61_rotate_8.jpeg
11,b_61_rotate_8.jpeg
12,c_61_rotate_8.jpeg
13,d_61_rotate_8.jpeg
14,e_61_rotate_8.jpeg
15,f_61_rotate_8.jpeg
16,g_61_rotate_8.jpeg
17,h_61_rotate_8.jpeg
18,i_61_rotate_8.jpeg
19,j_61_rotate_8.jpeg
20,k_61_rotate_8.jpeg
21,l_61_rotate_8.jpeg
22,m_61_rotate_8.jpeg
23,n_61_rotate_8.jpeg
24,o_61_rotate_8.jpeg
25,p_61_rotate_8.jpeg
26,q_61_rotate_8.jpeg
27,r_61_rotate_8.jpeg
28,s_61_rotate_8.jpeg
29,t_61_rotate_8.jpeg
30,u_61_rotate_8.jpeg
31,v_61_rotate_8.jpeg
32,w_61_rotate_8.jpeg
33,x_61_rotate_8.jpeg
34,y_61_rotate_8.jpeg
35,z_61_rotate_8.jpeg
1,1_61_rotate_9.jpeg
2,2_61_rotate_9.jpeg
3,3_61_rotate_9.jpeg
4,4_61_rotate_9.jpeg
5,5_61_rotate_9.jpeg
6,6_61_rotate_9.jpeg
7,7_61_rotate_9.jpeg
8,8_61_rotate_9.jpeg
9,9_61_rotate_9.jpeg
10,a_61_rotate_9.jpeg
11,b_61_rotate_9.jpeg
12,c_61_rotate_9.jpeg
13,d_61_rotate_9.jpeg
14,e_61_rotate_9.jpeg
15,f_61_rotate_9.jpeg
16,g_61_rotate_9.jpeg
17,h_61_rotate_9.jpeg
18,i_61_rotate_9.jpeg
19,j_61_rotate_9.jpeg
20,k_61_rotate_9.jpeg
21,l_61_rotate_9.jpeg
22,m_61_rotate_9.jpeg
23,n_61_rotate_9.jpeg
24,o_61_rotate_9.jpeg
25,p_61_rotate_9.jpeg
26,q_61_rotate_9.jpeg
27,r_61_rotate_9.jpeg
28,s_61_rotate_9.jpeg
29,t_61_rotate_9.jpeg
30,u_61_rotate_9.jpeg
31,v_61_rotate_9.jpeg
32,w_61_rotate_9.jpeg
33,x_61_rotate_9.jpeg
34,y_61_rotate_9.jpeg
35,z_61_rotate_9.jpeg
1,1_62_rotate_1.jpeg
2,2_62_rotate_1.jpeg
3,3_62_rotate_1.jpeg
4,4_62_rotate_1.jpeg
5,5_62_rotate_1.jpeg
6,6_62_rotate_1.jpeg
7,7_62_rotate_1.jpeg
8,8_62_rotate_1.jpeg
9,9_62_rotate_1.jpeg
10,a_62_rotate_1.jpeg
11,b_62_rotate_1.jpeg
12,c_62_rotate_1.jpeg
13,d_62_rotate_1.jpeg
14,e_62_rotate_1.jpeg
15,f_62_rotate_1.jpeg
16,g_62_rotate_1.jpeg
17,h_62_rotate_1.jpeg
18,i_62_rotate_1.jpeg
19,j_62_rotate_1.jpeg
20,k_62_rotate_1.jpeg
21,l_62_rotate_1.jpeg
22,m_62_rotate_1.jpeg
23,n_62_rotate_1.jpeg
24,o_62_rotate_1.jpeg
25,p_62_rotate_1.jpeg
26,q_62_rotate_1.jpeg
27,r_62_rotate_1.jpeg
28,s_62_rotate_1.jpeg
29,t_62_rotate_1.jpeg
30,u_62_rotate_1.jpeg
31,v_62_rotate_1.jpeg
32,w_62_rotate_1.jpeg
33,x_62_rotate_1.jpeg
34,y_62_rotate_1.jpeg
35,z_62_rotate_1.jpeg
1,1_62_rotate_10.jpeg
2,2_62_rotate_10.jpeg
3,3_62_rotate_10.jpeg
4,4_62_rotate_10.jpeg
5,5_62_rotate_10.jpeg
6,6_62_rotate_10.jpeg
7,7_62_rotate_10.jpeg
8,8_62_rotate_10.jpeg
9,9_62_rotate_10.jpeg
10,a_62_rotate_10.jpeg
11,b_62_rotate_10.jpeg
12,c_62_rotate_10.jpeg
13,d_62_rotate_10.jpeg
14,e_62_rotate_10.jpeg
15,f_62_rotate_10.jpeg
16,g_62_rotate_10.jpeg
17,h_62_rotate_10.jpeg
18,i_62_rotate_10.jpeg
19,j_62_rotate_10.jpeg
20,k_62_rotate_10.jpeg
21,l_62_rotate_10.jpeg
22,m_62_rotate_10.jpeg
23,n_62_rotate_10.jpeg
24,o_62_rotate_10.jpeg
25,p_62_rotate_10.jpeg
26,q_62_rotate_10.jpeg
27,r_62_rotate_10.jpeg
28,s_62_rotate_10.jpeg
29,t_62_rotate_10.jpeg
30,u_62_rotate_10.jpeg
31,v_62_rotate_10.jpeg
32,w_62_rotate_10.jpeg
33,x_62_rotate_10.jpeg
34,y_62_rotate_10.jpeg
35,z_62_rotate_10.jpeg
1,1_62_rotate_2.jpeg
2,2_62_rotate_2.jpeg
3,3_62_rotate_2.jpeg
4,4_62_rotate_2.jpeg
5,5_62_rotate_2.jpeg
6,6_62_rotate_2.jpeg
7,7_62_rotate_2.jpeg
8,8_62_rotate_2.jpeg
9,9_62_rotate_2.jpeg
10,a_62_rotate_2.jpeg
11,b_62_rotate_2.jpeg
12,c_62_rotate_2.jpeg
13,d_62_rotate_2.jpeg
14,e_62_rotate_2.jpeg
15,f_62_rotate_2.jpeg
16,g_62_rotate_2.jpeg
17,h_62_rotate_2.jpeg
18,i_62_rotate_2.jpeg
19,j_62_rotate_2.jpeg
20,k_62_rotate_2.jpeg
21,l_62_rotate_2.jpeg
22,m_62_rotate_2.jpeg
23,n_62_rotate_2.jpeg
24,o_62_rotate_2.jpeg
25,p_62_rotate_2.jpeg
26,q_62_rotate_2.jpeg
27,r_62_rotate_2.jpeg
28,s_62_rotate_2.jpeg
29,t_62_rotate_2.jpeg
30,u_62_rotate_2.jpeg
31,v_62_rotate_2.jpeg
32,w_62_rotate_2.jpeg
33,x_62_rotate_2.jpeg
34,y_62_rotate_2.jpeg
35,z_62_rotate_2.jpeg
1,1_62_rotate_3.jpeg
2,2_62_rotate_3.jpeg
3,3_62_rotate_3.jpeg
4,4_62_rotate_3.jpeg
5,5_62_rotate_3.jpeg
6,6_62_rotate_3.jpeg
7,7_62_rotate_3.jpeg
8,8_62_rotate_3.jpeg
9,9_62_rotate_3.jpeg
10,a_62_rotate_3.jpeg
11,b_62_rotate_3.jpeg
12,c_62_rotate_3.jpeg
13,d_62_rotate_3.jpeg
14,e_62_rotate_3.jpeg
15,f_62_rotate_3.jpeg
16,g_62_rotate_3.jpeg
17,h_62_rotate_3.jpeg
18,i_62_rotate_3.jpeg
19,j_62_rotate_3.jpeg
20,k_62_rotate_3.jpeg
21,l_62_rotate_3.jpeg
22,m_62_rotate_3.jpeg
23,n_62_rotate_3.jpeg
24,o_62_rotate_3.jpeg
25,p_62_rotate_3.jpeg
26,q_62_rotate_3.jpeg
27,r_62_rotate_3.jpeg
28,s_62_rotate_3.jpeg
29,t_62_rotate_3.jpeg
30,u_62_rotate_3.jpeg
31,v_62_rotate_3.jpeg
32,w_62_rotate_3.jpeg
33,x_62_rotate_3.jpeg
34,y_62_rotate_3.jpeg
35,z_62_rotate_3.jpeg
1,1_62_rotate_4.jpeg
2,2_62_rotate_4.jpeg
3,3_62_rotate_4.jpeg
4,4_62_rotate_4.jpeg
5,5_62_rotate_4.jpeg
6,6_62_rotate_4.jpeg
7,7_62_rotate_4.jpeg
8,8_62_rotate_4.jpeg
9,9_62_rotate_4.jpeg
10,a_62_rotate_4.jpeg
11,b_62_rotate_4.jpeg
12,c_62_rotate_4.jpeg
13,d_62_rotate_4.jpeg
14,e_62_rotate_4.jpeg
15,f_62_rotate_4.jpeg
16,g_62_rotate_4.jpeg
17,h_62_rotate_4.jpeg
18,i_62_rotate_4.jpeg
19,j_62_rotate_4.jpeg
20,k_62_rotate_4.jpeg
21,l_62_rotate_4.jpeg
22,m_62_rotate_4.jpeg
23,n_62_rotate_4.jpeg
24,o_62_rotate_4.jpeg
25,p_62_rotate_4.jpeg
26,q_62_rotate_4.jpeg
27,r_62_rotate_4.jpeg
28,s_62_rotate_4.jpeg
29,t_62_rotate_4.jpeg
30,u_62_rotate_4.jpeg
31,v_62_rotate_4.jpeg
32,w_62_rotate_4.jpeg
33,x_62_rotate_4.jpeg
34,y_62_rotate_4.jpeg
35,z_62_rotate_4.jpeg
1,1_62_rotate_5.jpeg
2,2_62_rotate_5.jpeg
3,3_62_rotate_5.jpeg
4,4_62_rotate_5.jpeg
5,5_62_rotate_5.jpeg
6,6_62_rotate_5.jpeg
7,7_62_rotate_5.jpeg
8,8_62_rotate_5.jpeg
9,9_62_rotate_5.jpeg
10,a_62_rotate_5.jpeg
11,b_62_rotate_5.jpeg
12,c_62_rotate_5.jpeg
13,d_62_rotate_5.jpeg
14,e_62_rotate_5.jpeg
15,f_62_rotate_5.jpeg
16,g_62_rotate_5.jpeg
17,h_62_rotate_5.jpeg
18,i_62_rotate_5.jpeg
19,j_62_rotate_5.jpeg
20,k_62_rotate_5.jpeg
21,l_62_rotate_5.jpeg
22,m_62_rotate_5.jpeg
23,n_62_rotate_5.jpeg
24,o_62_rotate_5.jpeg
25,p_62_rotate_5.jpeg
26,q_62_rotate_5.jpeg
27,r_62_rotate_5.jpeg
28,s_62_rotate_5.jpeg
29,t_62_rotate_5.jpeg
30,u_62_rotate_5.jpeg
31,v_62_rotate_5.jpeg
32,w_62_rotate_5.jpeg
33,x_62_rotate_5.jpeg
34,y_62_rotate_5.jpeg
35,z_62_rotate_5.jpeg
1,1_62_rotate_6.jpeg
2,2_62_rotate_6.jpeg
3,3_62_rotate_6.jpeg
4,4_62_rotate_6.jpeg
5,5_62_rotate_6.jpeg
6,6_62_rotate_6.jpeg
7,7_62_rotate_6.jpeg
8,8_62_rotate_6.jpeg
9,9_62_rotate_6.jpeg
10,a_62_rotate_6.jpeg
11,b_62_rotate_6.jpeg
12,c_62_rotate_6.jpeg
13,d_62_rotate_6.jpeg
14,e_62_rotate_6.jpeg
15,f_62_rotate_6.jpeg
16,g_62_rotate_6.jpeg
17,h_62_rotate_6.jpeg
18,i_62_rotate_6.jpeg
19,j_62_rotate_6.jpeg
20,k_62_rotate_6.jpeg
21,l_62_rotate_6.jpeg
22,m_62_rotate_6.jpeg
23,n_62_rotate_6.jpeg
24,o_62_rotate_6.jpeg
25,p_62_rotate_6.jpeg
26,q_62_rotate_6.jpeg
27,r_62_rotate_6.jpeg
28,s_62_rotate_6.jpeg
29,t_62_rotate_6.jpeg
30,u_62_rotate_6.jpeg
31,v_62_rotate_6.jpeg
32,w_62_rotate_6.jpeg
33,x_62_rotate_6.jpeg
34,y_62_rotate_6.jpeg
35,z_62_rotate_6.jpeg
1,1_62_rotate_7.jpeg
2,2_62_rotate_7.jpeg
3,3_62_rotate_7.jpeg
4,4_62_rotate_7.jpeg
5,5_62_rotate_7.jpeg
6,6_62_rotate_7.jpeg
7,7_62_rotate_7.jpeg
8,8_62_rotate_7.jpeg
9,9_62_rotate_7.jpeg
10,a_62_rotate_7.jpeg
11,b_62_rotate_7.jpeg
12,c_62_rotate_7.jpeg
13,d_62_rotate_7.jpeg
14,e_62_rotate_7.jpeg
15,f_62_rotate_7.jpeg
16,g_62_rotate_7.jpeg
17,h_62_rotate_7.jpeg
18,i_62_rotate_7.jpeg
19,j_62_rotate_7.jpeg
20,k_62_rotate_7.jpeg
21,l_62_rotate_7.jpeg
22,m_62_rotate_7.jpeg
23,n_62_rotate_7.jpeg
24,o_62_rotate_7.jpeg
25,p_62_rotate_7.jpeg
26,q_62_rotate_7.jpeg
27,r_62_rotate_7.jpeg
28,s_62_rotate_7.jpeg
29,t_62_rotate_7.jpeg
30,u_62_rotate_7.jpeg
31,v_62_rotate_7.jpeg
32,w_62_rotate_7.jpeg
33,x_62_rotate_7.jpeg
34,y_62_rotate_7.jpeg
35,z_62_rotate_7.jpeg
1,1_62_rotate_8.jpeg
2,2_62_rotate_8.jpeg
3,3_62_rotate_8.jpeg
4,4_62_rotate_8.jpeg
5,5_62_rotate_8.jpeg
6,6_62_rotate_8.jpeg
7,7_62_rotate_8.jpeg
8,8_62_rotate_8.jpeg
9,9_62_rotate_8.jpeg
10,a_62_rotate_8.jpeg
11,b_62_rotate_8.jpeg
12,c_62_rotate_8.jpeg
13,d_62_rotate_8.jpeg
14,e_62_rotate_8.jpeg
15,f_62_rotate_8.jpeg
16,g_62_rotate_8.jpeg
17,h_62_rotate_8.jpeg
18,i_62_rotate_8.jpeg
19,j_62_rotate_8.jpeg
20,k_62_rotate_8.jpeg
21,l_62_rotate_8.jpeg
22,m_62_rotate_8.jpeg
23,n_62_rotate_8.jpeg
24,o_62_rotate_8.jpeg
25,p_62_rotate_8.jpeg
26,q_62_rotate_8.jpeg
27,r_62_rotate_8.jpeg
28,s_62_rotate_8.jpeg
29,t_62_rotate_8.jpeg
30,u_62_rotate_8.jpeg
31,v_62_rotate_8.jpeg
32,w_62_rotate_8.jpeg
33,x_62_rotate_8.jpeg
34,y_62_rotate_8.jpeg
35,z_62_rotate_8.jpeg
1,1_62_rotate_9.jpeg
2,2_62_rotate_9.jpeg
3,3_62_rotate_9.jpeg
4,4_62_rotate_9.jpeg
5,5_62_rotate_9.jpeg
6,6_62_rotate_9.jpeg
7,7_62_rotate_9.jpeg
8,8_62_rotate_9.jpeg
9,9_62_rotate_9.jpeg
10,a_62_rotate_9.jpeg
11,b_62_rotate_9.jpeg
12,c_62_rotate_9.jpeg
13,d_62_rotate_9.jpeg
14,e_62_rotate_9.jpeg
15,f_62_rotate_9.jpeg
16,g_62_rotate_9.jpeg
17,h_62_rotate_9.jpeg
18,i_62_rotate_9.jpeg
19,j_62_rotate_9.jpeg
20,k_62_rotate_9.jpeg
21,l_62_rotate_9.jpeg
22,m_62_rotate_9.jpeg
23,n_62_rotate_9.jpeg
24,o_62_rotate_9.jpeg
25,p_62_rotate_9.jpeg
26,q_62_rotate_9.jpeg
27,r_62_rotate_9.jpeg
28,s_62_rotate_9.jpeg
29,t_62_rotate_9.jpeg
30,u_62_rotate_9.jpeg
31,v_62_rotate_9.jpeg
32,w_62_rotate_9.jpeg
33,x_62_rotate_9.jpeg
34,y_62_rotate_9.jpeg
35,z_62_rotate_9.jpeg
1,1_63_rotate_1.jpeg
2,2_63_rotate_1.jpeg
3,3_63_rotate_1.jpeg
4,4_63_rotate_1.jpeg
5,5_63_rotate_1.jpeg
6,6_63_rotate_1.jpeg
7,7_63_rotate_1.jpeg
8,8_63_rotate_1.jpeg
9,9_63_rotate_1.jpeg
10,a_63_rotate_1.jpeg
11,b_63_rotate_1.jpeg
12,c_63_rotate_1.jpeg
13,d_63_rotate_1.jpeg
14,e_63_rotate_1.jpeg
15,f_63_rotate_1.jpeg
16,g_63_rotate_1.jpeg
17,h_63_rotate_1.jpeg
18,i_63_rotate_1.jpeg
19,j_63_rotate_1.jpeg
20,k_63_rotate_1.jpeg
21,l_63_rotate_1.jpeg
22,m_63_rotate_1.jpeg
23,n_63_rotate_1.jpeg
24,o_63_rotate_1.jpeg
25,p_63_rotate_1.jpeg
26,q_63_rotate_1.jpeg
27,r_63_rotate_1.jpeg
28,s_63_rotate_1.jpeg
29,t_63_rotate_1.jpeg
30,u_63_rotate_1.jpeg
31,v_63_rotate_1.jpeg
32,w_63_rotate_1.jpeg
33,x_63_rotate_1.jpeg
34,y_63_rotate_1.jpeg
35,z_63_rotate_1.jpeg
1,1_63_rotate_10.jpeg
2,2_63_rotate_10.jpeg
3,3_63_rotate_10.jpeg
4,4_63_rotate_10.jpeg
5,5_63_rotate_10.jpeg
6,6_63_rotate_10.jpeg
7,7_63_rotate_10.jpeg
8,8_63_rotate_10.jpeg
9,9_63_rotate_10.jpeg
10,a_63_rotate_10.jpeg
11,b_63_rotate_10.jpeg
12,c_63_rotate_10.jpeg
13,d_63_rotate_10.jpeg
14,e_63_rotate_10.jpeg
15,f_63_rotate_10.jpeg
16,g_63_rotate_10.jpeg
17,h_63_rotate_10.jpeg
18,i_63_rotate_10.jpeg
19,j_63_rotate_10.jpeg
20,k_63_rotate_10.jpeg
21,l_63_rotate_10.jpeg
22,m_63_rotate_10.jpeg
23,n_63_rotate_10.jpeg
24,o_63_rotate_10.jpeg
25,p_63_rotate_10.jpeg
26,q_63_rotate_10.jpeg
27,r_63_rotate_10.jpeg
28,s_63_rotate_10.jpeg
29,t_63_rotate_10.jpeg
30,u_63_rotate_10.jpeg
31,v_63_rotate_10.jpeg
32,w_63_rotate_10.jpeg
33,x_63_rotate_10.jpeg
34,y_63_rotate_10.jpeg
35,z_63_rotate_10.jpeg
1,1_63_rotate_2.jpeg
2,2_63_rotate_2.jpeg
3,3_63_rotate_2.jpeg
4,4_63_rotate_2.jpeg
5,5_63_rotate_2.jpeg
6,6_63_rotate_2.jpeg
7,7_63_rotate_2.jpeg
8,8_63_rotate_2.jpeg
9,9_63_rotate_2.jpeg
10,a_63_rotate_2.jpeg
11,b_63_rotate_2.jpeg
12,c_63_rotate_2.jpeg
13,d_63_rotate_2.jpeg
14,e_63_rotate_2.jpeg
15,f_63_rotate_2.jpeg
16,g_63_rotate_2.jpeg
17,h_63_rotate_2.jpeg
18,i_63_rotate_2.jpeg
19,j_63_rotate_2.jpeg
20,k_63_rotate_2.jpeg
21,l_63_rotate_2.jpeg
22,m_63_rotate_2.jpeg
23,n_63_rotate_2.jpeg
24,o_63_rotate_2.jpeg
25,p_63_rotate_2.jpeg
26,q_63_rotate_2.jpeg
27,r_63_rotate_2.jpeg
28,s_63_rotate_2.jpeg
29,t_63_rotate_2.jpeg
30,u_63_rotate_2.jpeg
31,v_63_rotate_2.jpeg
32,w_63_rotate_2.jpeg
33,x_63_rotate_2.jpeg
34,y_63_rotate_2.jpeg
35,z_63_rotate_2.jpeg
1,1_63_rotate_3.jpeg
2,2_63_rotate_3.jpeg
3,3_63_rotate_3.jpeg
4,4_63_rotate_3.jpeg
5,5_63_rotate_3.jpeg
6,6_63_rotate_3.jpeg
7,7_63_rotate_3.jpeg
8,8_63_rotate_3.jpeg
9,9_63_rotate_3.jpeg
10,a_63_rotate_3.jpeg
11,b_63_rotate_3.jpeg
12,c_63_rotate_3.jpeg
13,d_63_rotate_3.jpeg
14,e_63_rotate_3.jpeg
15,f_63_rotate_3.jpeg
16,g_63_rotate_3.jpeg
17,h_63_rotate_3.jpeg
18,i_63_rotate_3.jpeg
19,j_63_rotate_3.jpeg
20,k_63_rotate_3.jpeg
21,l_63_rotate_3.jpeg
22,m_63_rotate_3.jpeg
23,n_63_rotate_3.jpeg
24,o_63_rotate_3.jpeg
25,p_63_rotate_3.jpeg
26,q_63_rotate_3.jpeg
27,r_63_rotate_3.jpeg
28,s_63_rotate_3.jpeg
29,t_63_rotate_3.jpeg
30,u_63_rotate_3.jpeg
31,v_63_rotate_3.jpeg
32,w_63_rotate_3.jpeg
33,x_63_rotate_3.jpeg
34,y_63_rotate_3.jpeg
35,z_63_rotate_3.jpeg
1,1_63_rotate_4.jpeg
2,2_63_rotate_4.jpeg
3,3_63_rotate_4.jpeg
4,4_63_rotate_4.jpeg
5,5_63_rotate_4.jpeg
6,6_63_rotate_4.jpeg
7,7_63_rotate_4.jpeg
8,8_63_rotate_4.jpeg
9,9_63_rotate_4.jpeg
10,a_63_rotate_4.jpeg
11,b_63_rotate_4.jpeg
12,c_63_rotate_4.jpeg
13,d_63_rotate_4.jpeg
14,e_63_rotate_4.jpeg
15,f_63_rotate_4.jpeg
16,g_63_rotate_4.jpeg
17,h_63_rotate_4.jpeg
18,i_63_rotate_4.jpeg
19,j_63_rotate_4.jpeg
20,k_63_rotate_4.jpeg
21,l_63_rotate_4.jpeg
22,m_63_rotate_4.jpeg
23,n_63_rotate_4.jpeg
24,o_63_rotate_4.jpeg
25,p_63_rotate_4.jpeg
26,q_63_rotate_4.jpeg
27,r_63_rotate_4.jpeg
28,s_63_rotate_4.jpeg
29,t_63_rotate_4.jpeg
30,u_63_rotate_4.jpeg
31,v_63_rotate_4.jpeg
32,w_63_rotate_4.jpeg
33,x_63_rotate_4.jpeg
34,y_63_rotate_4.jpeg
35,z_63_rotate_4.jpeg
1,1_63_rotate_5.jpeg
2,2_63_rotate_5.jpeg
3,3_63_rotate_5.jpeg
4,4_63_rotate_5.jpeg
5,5_63_rotate_5.jpeg
6,6_63_rotate_5.jpeg
7,7_63_rotate_5.jpeg
8,8_63_rotate_5.jpeg
9,9_63_rotate_5.jpeg
10,a_63_rotate_5.jpeg
11,b_63_rotate_5.jpeg
12,c_63_rotate_5.jpeg
13,d_63_rotate_5.jpeg
14,e_63_rotate_5.jpeg
15,f_63_rotate_5.jpeg
16,g_63_rotate_5.jpeg
17,h_63_rotate_5.jpeg
18,i_63_rotate_5.jpeg
19,j_63_rotate_5.jpeg
20,k_63_rotate_5.jpeg
21,l_63_rotate_5.jpeg
22,m_63_rotate_5.jpeg
23,n_63_rotate_5.jpeg
24,o_63_rotate_5.jpeg
25,p_63_rotate_5.jpeg
26,q_63_rotate_5.jpeg
27,r_63_rotate_5.jpeg
28,s_63_rotate_5.jpeg
29,t_63_rotate_5.jpeg
30,u_63_rotate_5.jpeg
31,v_63_rotate_5.jpeg
32,w_63_rotate_5.jpeg
33,x_63_rotate_5.jpeg
34,y_63_rotate_5.jpeg
35,z_63_rotate_5.jpeg
1,1_63_rotate_6.jpeg
2,2_63_rotate_6.jpeg
3,3_63_rotate_6.jpeg
4,4_63_rotate_6.jpeg
5,5_63_rotate_6.jpeg
6,6_63_rotate_6.jpeg
7,7_63_rotate_6.jpeg
8,8_63_rotate_6.jpeg
9,9_63_rotate_6.jpeg
10,a_63_rotate_6.jpeg
11,b_63_rotate_6.jpeg
12,c_63_rotate_6.jpeg
13,d_63_rotate_6.jpeg
14,e_63_rotate_6.jpeg
15,f_63_rotate_6.jpeg
16,g_63_rotate_6.jpeg
17,h_63_rotate_6.jpeg
18,i_63_rotate_6.jpeg
19,j_63_rotate_6.jpeg
20,k_63_rotate_6.jpeg
21,l_63_rotate_6.jpeg
22,m_63_rotate_6.jpeg
23,n_63_rotate_6.jpeg
24,o_63_rotate_6.jpeg
25,p_63_rotate_6.jpeg
26,q_63_rotate_6.jpeg
27,r_63_rotate_6.jpeg
28,s_63_rotate_6.jpeg
29,t_63_rotate_6.jpeg
30,u_63_rotate_6.jpeg
31,v_63_rotate_6.jpeg
32,w_63_rotate_6.jpeg
33,x_63_rotate_6.jpeg
34,y_63_rotate_6.jpeg
35,z_63_rotate_6.jpeg
1,1_63_rotate_7.jpeg
2,2_63_rotate_7.jpeg
3,3_63_rotate_7.jpeg
4,4_63_rotate_7.jpeg
5,5_63_rotate_7.jpeg
6,6_63_rotate_7.jpeg
7,7_63_rotate_7.jpeg
8,8_63_rotate_7.jpeg
9,9_63_rotate_7.jpeg
10,a_63_rotate_7.jpeg
11,b_63_rotate_7.jpeg
12,c_63_rotate_7.jpeg
13,d_63_rotate_7.jpeg
14,e_63_rotate_7.jpeg
15,f_63_rotate_7.jpeg
16,g_63_rotate_7.jpeg
17,h_63_rotate_7.jpeg
18,i_63_rotate_7.jpeg
19,j_63_rotate_7.jpeg
20,k_63_rotate_7.jpeg
21,l_63_rotate_7.jpeg
22,m_63_rotate_7.jpeg
23,n_63_rotate_7.jpeg
24,o_63_rotate_7.jpeg
25,p_63_rotate_7.jpeg
26,q_63_rotate_7.jpeg
27,r_63_rotate_7.jpeg
28,s_63_rotate_7.jpeg
29,t_63_rotate_7.jpeg
30,u_63_rotate_7.jpeg
31,v_63_rotate_7.jpeg
32,w_63_rotate_7.jpeg
33,x_63_rotate_7.jpeg
34,y_63_rotate_7.jpeg
35,z_63_rotate_7.jpeg
1,1_63_rotate_8.jpeg
2,2_63_rotate_8.jpeg
3,3_63_rotate_8.jpeg
4,4_63_rotate_8.jpeg
5,5_63_rotate_8.jpeg
6,6_63_rotate_8.jpeg
7,7_63_rotate_8.jpeg
8,8_63_rotate_8.jpeg
9,9_63_rotate_8.jpeg
10,a_63_rotate_8.jpeg
11,b_63_rotate_8.jpeg
12,c_63_rotate_8.jpeg
13,d_63_rotate_8.jpeg
14,e_63_rotate_8.jpeg
15,f_63_rotate_8.jpeg
16,g_63_rotate_8.jpeg
17,h_63_rotate_8.jpeg
18,i_63_rotate_8.jpeg
19,j_63_rotate_8.jpeg
20,k_63_rotate_8.jpeg
21,l_63_rotate_8.jpeg
22,m_63_rotate_8.jpeg
23,n_63_rotate_8.jpeg
24,o_63_rotate_8.jpeg
25,p_63_rotate_8.jpeg
26,q_63_rotate_8.jpeg
27,r_63_rotate_8.jpeg
28,s_63_rotate_8.jpeg
29,t_63_rotate_8.jpeg
30,u_63_rotate_8.jpeg
31,v_63_rotate_8.jpeg
32,w_63_rotate_8.jpeg
33,x_63_rotate_8.jpeg
34,y_63_rotate_8.jpeg
35,z_63_rotate_8.jpeg
1,1_63_rotate_9.jpeg
2,2_63_rotate_9.jpeg
3,3_63_rotate_9.jpeg
4,4_63_rotate_9.jpeg
5,5_63_rotate_9.jpeg
6,6_63_rotate_9.jpeg
7,7_63_rotate_9.jpeg
8,8_63_rotate_9.jpeg
9,9_63_rotate_9.jpeg
10,a_63_rotate_9.jpeg
11,b_63_rotate_9.jpeg
12,c_63_rotate_9.jpeg
13,d_63_rotate_9.jpeg
14,e_63_rotate_9.jpeg
15,f_63_rotate_9.jpeg
16,g_63_rotate_9.jpeg
17,h_63_rotate_9.jpeg
18,i_63_rotate_9.jpeg
19,j_63_rotate_9.jpeg
20,k_63_rotate_9.jpeg
21,l_63_rotate_9.jpeg
22,m_63_rotate_9.jpeg
23,n_63_rotate_9.jpeg
24,o_63_rotate_9.jpeg
25,p_63_rotate_9.jpeg
26,q_63_rotate_9.jpeg
27,r_63_rotate_9.jpeg
28,s_63_rotate_9.jpeg
29,t_63_rotate_9.jpeg
30,u_63_rotate_9.jpeg
31,v_63_rotate_9.jpeg
32,w_63_rotate_9.jpeg
33,x_63_rotate_9.jpeg
34,y_63_rotate_9.jpeg
35,z_63_rotate_9.jpeg
1,1_64_rotate_1.jpeg
2,2_64_rotate_1.jpeg
3,3_64_rotate_1.jpeg
4,4_64_rotate_1.jpeg
5,5_64_rotate_1.jpeg
6,6_64_rotate_1.jpeg
7,7_64_rotate_1.jpeg
8,8_64_rotate_1.jpeg
9,9_64_rotate_1.jpeg
10,a_64_rotate_1.jpeg
11,b_64_rotate_1.jpeg
12,c_64_rotate_1.jpeg
13,d_64_rotate_1.jpeg
14,e_64_rotate_1.jpeg
15,f_64_rotate_1.jpeg
16,g_64_rotate_1.jpeg
17,h_64_rotate_1.jpeg
18,i_64_rotate_1.jpeg
19,j_64_rotate_1.jpeg
20,k_64_rotate_1.jpeg
21,l_64_rotate_1.jpeg
22,m_64_rotate_1.jpeg
23,n_64_rotate_1.jpeg
24,o_64_rotate_1.jpeg
25,p_64_rotate_1.jpeg
26,q_64_rotate_1.jpeg
27,r_64_rotate_1.jpeg
28,s_64_rotate_1.jpeg
29,t_64_rotate_1.jpeg
30,u_64_rotate_1.jpeg
31,v_64_rotate_1.jpeg
32,w_64_rotate_1.jpeg
33,x_64_rotate_1.jpeg
34,y_64_rotate_1.jpeg
35,z_64_rotate_1.jpeg
1,1_64_rotate_10.jpeg
2,2_64_rotate_10.jpeg
3,3_64_rotate_10.jpeg
4,4_64_rotate_10.jpeg
5,5_64_rotate_10.jpeg
6,6_64_rotate_10.jpeg
7,7_64_rotate_10.jpeg
8,8_64_rotate_10.jpeg
9,9_64_rotate_10.jpeg
10,a_64_rotate_10.jpeg
11,b_64_rotate_10.jpeg
12,c_64_rotate_10.jpeg
13,d_64_rotate_10.jpeg
14,e_64_rotate_10.jpeg
15,f_64_rotate_10.jpeg
16,g_64_rotate_10.jpeg
17,h_64_rotate_10.jpeg
18,i_64_rotate_10.jpeg
19,j_64_rotate_10.jpeg
20,k_64_rotate_10.jpeg
21,l_64_rotate_10.jpeg
22,m_64_rotate_10.jpeg
23,n_64_rotate_10.jpeg
24,o_64_rotate_10.jpeg
25,p_64_rotate_10.jpeg
26,q_64_rotate_10.jpeg
27,r_64_rotate_10.jpeg
28,s_64_rotate_10.jpeg
29,t_64_rotate_10.jpeg
30,u_64_rotate_10.jpeg
31,v_64_rotate_10.jpeg
32,w_64_rotate_10.jpeg
33,x_64_rotate_10.jpeg
34,y_64_rotate_10.jpeg
35,z_64_rotate_10.jpeg
1,1_64_rotate_2.jpeg
2,2_64_rotate_2.jpeg
3,3_64_rotate_2.jpeg
4,4_64_rotate_2.jpeg
5,5_64_rotate_2.jpeg
6,6_64_rotate_2.jpeg
7,7_64_rotate_2.jpeg
8,8_64_rotate_2.jpeg
9,9_64_rotate_2.jpeg
10,a_64_rotate_2.jpeg
11,b_64_rotate_2.jpeg
12,c_64_rotate_2.jpeg
13,d_64_rotate_2.jpeg
14,e_64_rotate_2.jpeg
15,f_64_rotate_2.jpeg
16,g_64_rotate_2.jpeg
17,h_64_rotate_2.jpeg
18,i_64_rotate_2.jpeg
19,j_64_rotate_2.jpeg
20,k_64_rotate_2.jpeg
21,l_64_rotate_2.jpeg
22,m_64_rotate_2.jpeg
23,n_64_rotate_2.jpeg
24,o_64_rotate_2.jpeg
25,p_64_rotate_2.jpeg
26,q_64_rotate_2.jpeg
27,r_64_rotate_2.jpeg
28,s_64_rotate_2.jpeg
29,t_64_rotate_2.jpeg
30,u_64_rotate_2.jpeg
31,v_64_rotate_2.jpeg
32,w_64_rotate_2.jpeg
33,x_64_rotate_2.jpeg
34,y_64_rotate_2.jpeg
35,z_64_rotate_2.jpeg
1,1_64_rotate_3.jpeg
2,2_64_rotate_3.jpeg
3,3_64_rotate_3.jpeg
4,4_64_rotate_3.jpeg
5,5_64_rotate_3.jpeg
6,6_64_rotate_3.jpeg
7,7_64_rotate_3.jpeg
8,8_64_rotate_3.jpeg
9,9_64_rotate_3.jpeg
10,a_64_rotate_3.jpeg
11,b_64_rotate_3.jpeg
12,c_64_rotate_3.jpeg
13,d_64_rotate_3.jpeg
14,e_64_rotate_3.jpeg
15,f_64_rotate_3.jpeg
16,g_64_rotate_3.jpeg
17,h_64_rotate_3.jpeg
18,i_64_rotate_3.jpeg
19,j_64_rotate_3.jpeg
20,k_64_rotate_3.jpeg
21,l_64_rotate_3.jpeg
22,m_64_rotate_3.jpeg
23,n_64_rotate_3.jpeg
24,o_64_rotate_3.jpeg
25,p_64_rotate_3.jpeg
26,q_64_rotate_3.jpeg
27,r_64_rotate_3.jpeg
28,s_64_rotate_3.jpeg
29,t_64_rotate_3.jpeg
30,u_64_rotate_3.jpeg
31,v_64_rotate_3.jpeg
32,w_64_rotate_3.jpeg
33,x_64_rotate_3.jpeg
34,y_64_rotate_3.jpeg
35,z_64_rotate_3.jpeg
1,1_64_rotate_4.jpeg
2,2_64_rotate_4.jpeg
3,3_64_rotate_4.jpeg
4,4_64_rotate_4.jpeg
5,5_64_rotate_4.jpeg
6,6_64_rotate_4.jpeg
7,7_64_rotate_4.jpeg
8,8_64_rotate_4.jpeg
9,9_64_rotate_4.jpeg
10,a_64_rotate_4.jpeg
11,b_64_rotate_4.jpeg
12,c_64_rotate_4.jpeg
13,d_64_rotate_4.jpeg
14,e_64_rotate_4.jpeg
15,f_64_rotate_4.jpeg
16,g_64_rotate_4.jpeg
17,h_64_rotate_4.jpeg
18,i_64_rotate_4.jpeg
19,j_64_rotate_4.jpeg
20,k_64_rotate_4.jpeg
21,l_64_rotate_4.jpeg
22,m_64_rotate_4.jpeg
23,n_64_rotate_4.jpeg
24,o_64_rotate_4.jpeg
25,p_64_rotate_4.jpeg
26,q_64_rotate_4.jpeg
27,r_64_rotate_4.jpeg
28,s_64_rotate_4.jpeg
29,t_64_rotate_4.jpeg
30,u_64_rotate_4.jpeg
31,v_64_rotate_4.jpeg
32,w_64_rotate_4.jpeg
33,x_64_rotate_4.jpeg
34,y_64_rotate_4.jpeg
35,z_64_rotate_4.jpeg
1,1_64_rotate_5.jpeg
2,2_64_rotate_5.jpeg
3,3_64_rotate_5.jpeg
4,4_64_rotate_5.jpeg
5,5_64_rotate_5.jpeg
6,6_64_rotate_5.jpeg
7,7_64_rotate_5.jpeg
8,8_64_rotate_5.jpeg
9,9_64_rotate_5.jpeg
10,a_64_rotate_5.jpeg
11,b_64_rotate_5.jpeg
12,c_64_rotate_5.jpeg
13,d_64_rotate_5.jpeg
14,e_64_rotate_5.jpeg
15,f_64_rotate_5.jpeg
16,g_64_rotate_5.jpeg
17,h_64_rotate_5.jpeg
18,i_64_rotate_5.jpeg
19,j_64_rotate_5.jpeg
20,k_64_rotate_5.jpeg
21,l_64_rotate_5.jpeg
22,m_64_rotate_5.jpeg
23,n_64_rotate_5.jpeg
24,o_64_rotate_5.jpeg
25,p_64_rotate_5.jpeg
26,q_64_rotate_5.jpeg
27,r_64_rotate_5.jpeg
28,s_64_rotate_5.jpeg
29,t_64_rotate_5.jpeg
30,u_64_rotate_5.jpeg
31,v_64_rotate_5.jpeg
32,w_64_rotate_5.jpeg
33,x_64_rotate_5.jpeg
34,y_64_rotate_5.jpeg
35,z_64_rotate_5.jpeg
1,1_64_rotate_6.jpeg
2,2_64_rotate_6.jpeg
3,3_64_rotate_6.jpeg
4,4_64_rotate_6.jpeg
5,5_64_rotate_6.jpeg
6,6_64_rotate_6.jpeg
7,7_64_rotate_6.jpeg
8,8_64_rotate_6.jpeg
9,9_64_rotate_6.jpeg
10,a_64_rotate_6.jpeg
11,b_64_rotate_6.jpeg
12,c_64_rotate_6.jpeg
13,d_64_rotate_6.jpeg
14,e_64_rotate_6.jpeg
15,f_64_rotate_6.jpeg
16,g_64_rotate_6.jpeg
17,h_64_rotate_6.jpeg
18,i_64_rotate_6.jpeg
19,j_64_rotate_6.jpeg
20,k_64_rotate_6.jpeg
21,l_64_rotate_6.jpeg
22,m_64_rotate_6.jpeg
23,n_64_rotate_6.jpeg
24,o_64_rotate_6.jpeg
25,p_64_rotate_6.jpeg
26,q_64_rotate_6.jpeg
27,r_64_rotate_6.jpeg
28,s_64_rotate_6.jpeg
29,t_64_rotate_6.jpeg
30,u_64_rotate_6.jpeg
31,v_64_rotate_6.jpeg
32,w_64_rotate_6.jpeg
33,x_64_rotate_6.jpeg
34,y_64_rotate_6.jpeg
35,z_64_rotate_6.jpeg
1,1_64_rotate_7.jpeg
2,2_64_rotate_7.jpeg
3,3_64_rotate_7.jpeg
4,4_64_rotate_7.jpeg
5,5_64_rotate_7.jpeg
6,6_64_rotate_7.jpeg
7,7_64_rotate_7.jpeg
8,8_64_rotate_7.jpeg
9,9_64_rotate_7.jpeg
10,a_64_rotate_7.jpeg
11,b_64_rotate_7.jpeg
12,c_64_rotate_7.jpeg
13,d_64_rotate_7.jpeg
14,e_64_rotate_7.jpeg
15,f_64_rotate_7.jpeg
16,g_64_rotate_7.jpeg
17,h_64_rotate_7.jpeg
18,i_64_rotate_7.jpeg
19,j_64_rotate_7.jpeg
20,k_64_rotate_7.jpeg
21,l_64_rotate_7.jpeg
22,m_64_rotate_7.jpeg
23,n_64_rotate_7.jpeg
24,o_64_rotate_7.jpeg
25,p_64_rotate_7.jpeg
26,q_64_rotate_7.jpeg
27,r_64_rotate_7.jpeg
28,s_64_rotate_7.jpeg
29,t_64_rotate_7.jpeg
30,u_64_rotate_7.jpeg
31,v_64_rotate_7.jpeg
32,w_64_rotate_7.jpeg
33,x_64_rotate_7.jpeg
34,y_64_rotate_7.jpeg
35,z_64_rotate_7.jpeg
1,1_64_rotate_8.jpeg
2,2_64_rotate_8.jpeg
3,3_64_rotate_8.jpeg
4,4_64_rotate_8.jpeg
5,5_64_rotate_8.jpeg
6,6_64_rotate_8.jpeg
7,7_64_rotate_8.jpeg
8,8_64_rotate_8.jpeg
9,9_64_rotate_8.jpeg
10,a_64_rotate_8.jpeg
11,b_64_rotate_8.jpeg
12,c_64_rotate_8.jpeg
13,d_64_rotate_8.jpeg
14,e_64_rotate_8.jpeg
15,f_64_rotate_8.jpeg
16,g_64_rotate_8.jpeg
17,h_64_rotate_8.jpeg
18,i_64_rotate_8.jpeg
19,j_64_rotate_8.jpeg
20,k_64_rotate_8.jpeg
21,l_64_rotate_8.jpeg
22,m_64_rotate_8.jpeg
23,n_64_rotate_8.jpeg
24,o_64_rotate_8.jpeg
25,p_64_rotate_8.jpeg
26,q_64_rotate_8.jpeg
27,r_64_rotate_8.jpeg
28,s_64_rotate_8.jpeg
29,t_64_rotate_8.jpeg
30,u_64_rotate_8.jpeg
31,v_64_rotate_8.jpeg
32,w_64_rotate_8.jpeg
33,x_64_rotate_8.jpeg
34,y_64_rotate_8.jpeg
35,z_64_rotate_8.jpeg
1,1_64_rotate_9.jpeg
2,2_64_rotate_9.jpeg
3,3_64_rotate_9.jpeg
4,4_64_rotate_9.jpeg
5,5_64_rotate_9.jpeg
6,6_64_rotate_9.jpeg
7,7_64_rotate_9.jpeg
8,8_64_rotate_9.jpeg
9,9_64_rotate_9.jpeg
10,a_64_rotate_9.jpeg
11,b_64_rotate_9.jpeg
12,c_64_rotate_9.jpeg
13,d_64_rotate_9.jpeg
14,e_64_rotate_9.jpeg
15,f_64_rotate_9.jpeg
16,g_64_rotate_9.jpeg
17,h_64_rotate_9.jpeg
18,i_64_rotate_9.jpeg
19,j_64_rotate_9.jpeg
20,k_64_rotate_9.jpeg
21,l_64_rotate_9.jpeg
22,m_64_rotate_9.jpeg
23,n_64_rotate_9.jpeg
24,o_64_rotate_9.jpeg
25,p_64_rotate_9.jpeg
26,q_64_rotate_9.jpeg
27,r_64_rotate_9.jpeg
28,s_64_rotate_9.jpeg
29,t_64_rotate_9.jpeg
30,u_64_rotate_9.jpeg
31,v_64_rotate_9.jpeg
32,w_64_rotate_9.jpeg
33,x_64_rotate_9.jpeg
34,y_64_rotate_9.jpeg
35,z_64_rotate_9.jpeg
1,1_65_rotate_1.jpeg
2,2_65_rotate_1.jpeg
3,3_65_rotate_1.jpeg
4,4_65_rotate_1.jpeg
5,5_65_rotate_1.jpeg
6,6_65_rotate_1.jpeg
7,7_65_rotate_1.jpeg
8,8_65_rotate_1.jpeg
9,9_65_rotate_1.jpeg
10,a_65_rotate_1.jpeg
11,b_65_rotate_1.jpeg
12,c_65_rotate_1.jpeg
13,d_65_rotate_1.jpeg
14,e_65_rotate_1.jpeg
15,f_65_rotate_1.jpeg
16,g_65_rotate_1.jpeg
17,h_65_rotate_1.jpeg
18,i_65_rotate_1.jpeg
19,j_65_rotate_1.jpeg
20,k_65_rotate_1.jpeg
21,l_65_rotate_1.jpeg
22,m_65_rotate_1.jpeg
23,n_65_rotate_1.jpeg
24,o_65_rotate_1.jpeg
25,p_65_rotate_1.jpeg
26,q_65_rotate_1.jpeg
27,r_65_rotate_1.jpeg
28,s_65_rotate_1.jpeg
29,t_65_rotate_1.jpeg
30,u_65_rotate_1.jpeg
31,v_65_rotate_1.jpeg
32,w_65_rotate_1.jpeg
33,x_65_rotate_1.jpeg
34,y_65_rotate_1.jpeg
35,z_65_rotate_1.jpeg
1,1_65_rotate_10.jpeg
2,2_65_rotate_10.jpeg
3,3_65_rotate_10.jpeg
4,4_65_rotate_10.jpeg
5,5_65_rotate_10.jpeg
6,6_65_rotate_10.jpeg
7,7_65_rotate_10.jpeg
8,8_65_rotate_10.jpeg
9,9_65_rotate_10.jpeg
10,a_65_rotate_10.jpeg
11,b_65_rotate_10.jpeg
12,c_65_rotate_10.jpeg
13,d_65_rotate_10.jpeg
14,e_65_rotate_10.jpeg
15,f_65_rotate_10.jpeg
16,g_65_rotate_10.jpeg
17,h_65_rotate_10.jpeg
18,i_65_rotate_10.jpeg
19,j_65_rotate_10.jpeg
20,k_65_rotate_10.jpeg
21,l_65_rotate_10.jpeg
22,m_65_rotate_10.jpeg
23,n_65_rotate_10.jpeg
24,o_65_rotate_10.jpeg
25,p_65_rotate_10.jpeg
26,q_65_rotate_10.jpeg
27,r_65_rotate_10.jpeg
28,s_65_rotate_10.jpeg
29,t_65_rotate_10.jpeg
30,u_65_rotate_10.jpeg
31,v_65_rotate_10.jpeg
32,w_65_rotate_10.jpeg
33,x_65_rotate_10.jpeg
34,y_65_rotate_10.jpeg
35,z_65_rotate_10.jpeg
1,1_65_rotate_2.jpeg
2,2_65_rotate_2.jpeg
3,3_65_rotate_2.jpeg
4,4_65_rotate_2.jpeg
5,5_65_rotate_2.jpeg
6,6_65_rotate_2.jpeg
7,7_65_rotate_2.jpeg
8,8_65_rotate_2.jpeg
9,9_65_rotate_2.jpeg
10,a_65_rotate_2.jpeg
11,b_65_rotate_2.jpeg
12,c_65_rotate_2.jpeg
13,d_65_rotate_2.jpeg
14,e_65_rotate_2.jpeg
15,f_65_rotate_2.jpeg
16,g_65_rotate_2.jpeg
17,h_65_rotate_2.jpeg
18,i_65_rotate_2.jpeg
19,j_65_rotate_2.jpeg
20,k_65_rotate_2.jpeg
21,l_65_rotate_2.jpeg
22,m_65_rotate_2.jpeg
23,n_65_rotate_2.jpeg
24,o_65_rotate_2.jpeg
25,p_65_rotate_2.jpeg
26,q_65_rotate_2.jpeg
27,r_65_rotate_2.jpeg
28,s_65_rotate_2.jpeg
29,t_65_rotate_2.jpeg
30,u_65_rotate_2.jpeg
31,v_65_rotate_2.jpeg
32,w_65_rotate_2.jpeg
33,x_65_rotate_2.jpeg
34,y_65_rotate_2.jpeg
35,z_65_rotate_2.jpeg
1,1_65_rotate_3.jpeg
2,2_65_rotate_3.jpeg
3,3_65_rotate_3.jpeg
4,4_65_rotate_3.jpeg
5,5_65_rotate_3.jpeg
6,6_65_rotate_3.jpeg
7,7_65_rotate_3.jpeg
8,8_65_rotate_3.jpeg
9,9_65_rotate_3.jpeg
10,a_65_rotate_3.jpeg
11,b_65_rotate_3.jpeg
12,c_65_rotate_3.jpeg
13,d_65_rotate_3.jpeg
14,e_65_rotate_3.jpeg
15,f_65_rotate_3.jpeg
16,g_65_rotate_3.jpeg
17,h_65_rotate_3.jpeg
18,i_65_rotate_3.jpeg
19,j_65_rotate_3.jpeg
20,k_65_rotate_3.jpeg
21,l_65_rotate_3.jpeg
22,m_65_rotate_3.jpeg
23,n_65_rotate_3.jpeg
24,o_65_rotate_3.jpeg
25,p_65_rotate_3.jpeg
26,q_65_rotate_3.jpeg
27,r_65_rotate_3.jpeg
28,s_65_rotate_3.jpeg
29,t_65_rotate_3.jpeg
30,u_65_rotate_3.jpeg
31,v_65_rotate_3.jpeg
32,w_65_rotate_3.jpeg
33,x_65_rotate_3.jpeg
34,y_65_rotate_3.jpeg
35,z_65_rotate_3.jpeg
1,1_65_rotate_4.jpeg
2,2_65_rotate_4.jpeg
3,3_65_rotate_4.jpeg
4,4_65_rotate_4.jpeg
5,5_65_rotate_4.jpeg
6,6_65_rotate_4.jpeg
7,7_65_rotate_4.jpeg
8,8_65_rotate_4.jpeg
9,9_65_rotate_4.jpeg
10,a_65_rotate_4.jpeg
11,b_65_rotate_4.jpeg
12,c_65_rotate_4.jpeg
13,d_65_rotate_4.jpeg
14,e_65_rotate_4.jpeg
15,f_65_rotate_4.jpeg
16,g_65_rotate_4.jpeg
17,h_65_rotate_4.jpeg
18,i_65_rotate_4.jpeg
19,j_65_rotate_4.jpeg
20,k_65_rotate_4.jpeg
21,l_65_rotate_4.jpeg
22,m_65_rotate_4.jpeg
23,n_65_rotate_4.jpeg
24,o_65_rotate_4.jpeg
25,p_65_rotate_4.jpeg
26,q_65_rotate_4.jpeg
27,r_65_rotate_4.jpeg
28,s_65_rotate_4.jpeg
29,t_65_rotate_4.jpeg
30,u_65_rotate_4.jpeg
31,v_65_rotate_4.jpeg
32,w_65_rotate_4.jpeg
33,x_65_rotate_4.jpeg
34,y_65_rotate_4.jpeg
35,z_65_rotate_4.jpeg
1,1_65_rotate_5.jpeg
2,2_65_rotate_5.jpeg
3,3_65_rotate_5.jpeg
4,4_65_rotate_5.jpeg
5,5_65_rotate_5.jpeg
6,6_65_rotate_5.jpeg
7,7_65_rotate_5.jpeg
8,8_65_rotate_5.jpeg
9,9_65_rotate_5.jpeg
10,a_65_rotate_5.jpeg
11,b_65_rotate_5.jpeg
12,c_65_rotate_5.jpeg
13,d_65_rotate_5.jpeg
14,e_65_rotate_5.jpeg
15,f_65_rotate_5.jpeg
16,g_65_rotate_5.jpeg
17,h_65_rotate_5.jpeg
18,i_65_rotate_5.jpeg
19,j_65_rotate_5.jpeg
20,k_65_rotate_5.jpeg
21,l_65_rotate_5.jpeg
22,m_65_rotate_5.jpeg
23,n_65_rotate_5.jpeg
24,o_65_rotate_5.jpeg
25,p_65_rotate_5.jpeg
26,q_65_rotate_5.jpeg
27,r_65_rotate_5.jpeg
28,s_65_rotate_5.jpeg
29,t_65_rotate_5.jpeg
30,u_65_rotate_5.jpeg
31,v_65_rotate_5.jpeg
32,w_65_rotate_5.jpeg
33,x_65_rotate_5.jpeg
34,y_65_rotate_5.jpeg
35,z_65_rotate_5.jpeg
1,1_65_rotate_6.jpeg
2,2_65_rotate_6.jpeg
3,3_65_rotate_6.jpeg
4,4_65_rotate_6.jpeg
5,5_65_rotate_6.jpeg
6,6_65_rotate_6.jpeg
7,7_65_rotate_6.jpeg
8,8_65_rotate_6.jpeg
9,9_65_rotate_6.jpeg
10,a_65_rotate_6.jpeg
11,b_65_rotate_6.jpeg
12,c_65_rotate_6.jpeg
13,d_65_rotate_6.jpeg
14,e_65_rotate_6.jpeg
15,f_65_rotate_6.jpeg
16,g_65_rotate_6.jpeg
17,h_65_rotate_6.jpeg
18,i_65_rotate_6.jpeg
19,j_65_rotate_6.jpeg
20,k_65_rotate_6.jpeg
21,l_65_rotate_6.jpeg
22,m_65_rotate_6.jpeg
23,n_65_rotate_6.jpeg
24,o_65_rotate_6.jpeg
25,p_65_rotate_6.jpeg
26,q_65_rotate_6.jpeg
27,r_65_rotate_6.jpeg
28,s_65_rotate_6.jpeg
29,t_65_rotate_6.jpeg
30,u_65_rotate_6.jpeg
31,v_65_rotate_6.jpeg
32,w_65_rotate_6.jpeg
33,x_65_rotate_6.jpeg
34,y_65_rotate_6.jpeg
35,z_65_rotate_6.jpeg
1,1_65_rotate_7.jpeg
2,2_65_rotate_7.jpeg
3,3_65_rotate_7.jpeg
4,4_65_rotate_7.jpeg
5,5_65_rotate_7.jpeg
6,6_65_rotate_7.jpeg
7,7_65_rotate_7.jpeg
8,8_65_rotate_7.jpeg
9,9_65_rotate_7.jpeg
10,a_65_rotate_7.jpeg
11,b_65_rotate_7.jpeg
12,c_65_rotate_7.jpeg
13,d_65_rotate_7.jpeg
14,e_65_rotate_7.jpeg
15,f_65_rotate_7.jpeg
16,g_65_rotate_7.jpeg
17,h_65_rotate_7.jpeg
18,i_65_rotate_7.jpeg
19,j_65_rotate_7.jpeg
20,k_65_rotate_7.jpeg
21,l_65_rotate_7.jpeg
22,m_65_rotate_7.jpeg
23,n_65_rotate_7.jpeg
24,o_65_rotate_7.jpeg
25,p_65_rotate_7.jpeg
26,q_65_rotate_7.jpeg
27,r_65_rotate_7.jpeg
28,s_65_rotate_7.jpeg
29,t_65_rotate_7.jpeg
30,u_65_rotate_7.jpeg
31,v_65_rotate_7.jpeg
32,w_65_rotate_7.jpeg
33,x_65_rotate_7.jpeg
34,y_65_rotate_7.jpeg
35,z_65_rotate_7.jpeg
1,1_65_rotate_8.jpeg
2,2_65_rotate_8.jpeg
3,3_65_rotate_8.jpeg
4,4_65_rotate_8.jpeg
5,5_65_rotate_8.jpeg
6,6_65_rotate_8.jpeg
7,7_65_rotate_8.jpeg
8,8_65_rotate_8.jpeg
9,9_65_rotate_8.jpeg
10,a_65_rotate_8.jpeg
11,b_65_rotate_8.jpeg
12,c_65_rotate_8.jpeg
13,d_65_rotate_8.jpeg
14,e_65_rotate_8.jpeg
15,f_65_rotate_8.jpeg
16,g_65_rotate_8.jpeg
17,h_65_rotate_8.jpeg
18,i_65_rotate_8.jpeg
19,j_65_rotate_8.jpeg
20,k_65_rotate_8.jpeg
21,l_65_rotate_8.jpeg
22,m_65_rotate_8.jpeg
23,n_65_rotate_8.jpeg
24,o_65_rotate_8.jpeg
25,p_65_rotate_8.jpeg
26,q_65_rotate_8.jpeg
27,r_65_rotate_8.jpeg
28,s_65_rotate_8.jpeg
29,t_65_rotate_8.jpeg
30,u_65_rotate_8.jpeg
31,v_65_rotate_8.jpeg
32,w_65_rotate_8.jpeg
33,x_65_rotate_8.jpeg
34,y_65_rotate_8.jpeg
35,z_65_rotate_8.jpeg
1,1_65_rotate_9.jpeg
2,2_65_rotate_9.jpeg
3,3_65_rotate_9.jpeg
4,4_65_rotate_9.jpeg
5,5_65_rotate_9.jpeg
6,6_65_rotate_9.jpeg
7,7_65_rotate_9.jpeg
8,8_65_rotate_9.jpeg
9,9_65_rotate_9.jpeg
10,a_65_rotate_9.jpeg
11,b_65_rotate_9.jpeg
12,c_65_rotate_9.jpeg
13,d_65_rotate_9.jpeg
14,e_65_rotate_9.jpeg
15,f_65_rotate_9.jpeg
16,g_65_rotate_9.jpeg
17,h_65_rotate_9.jpeg
18,i_65_rotate_9.jpeg
19,j_65_rotate_9.jpeg
20,k_65_rotate_9.jpeg
21,l_65_rotate_9.jpeg
22,m_65_rotate_9.jpeg
23,n_65_rotate_9.jpeg
24,o_65_rotate_9.jpeg
25,p_65_rotate_9.jpeg
26,q_65_rotate_9.jpeg
27,r_65_rotate_9.jpeg
28,s_65_rotate_9.jpeg
29,t_65_rotate_9.jpeg
30,u_65_rotate_9.jpeg
31,v_65_rotate_9.jpeg
32,w_65_rotate_9.jpeg
33,x_65_rotate_9.jpeg
34,y_65_rotate_9.jpeg
35,z_65_rotate_9.jpeg
1,1_66_rotate_1.jpeg
2,2_66_rotate_1.jpeg
3,3_66_rotate_1.jpeg
4,4_66_rotate_1.jpeg
5,5_66_rotate_1.jpeg
6,6_66_rotate_1.jpeg
7,7_66_rotate_1.jpeg
8,8_66_rotate_1.jpeg
9,9_66_rotate_1.jpeg
10,a_66_rotate_1.jpeg
11,b_66_rotate_1.jpeg
12,c_66_rotate_1.jpeg
13,d_66_rotate_1.jpeg
14,e_66_rotate_1.jpeg
15,f_66_rotate_1.jpeg
16,g_66_rotate_1.jpeg
17,h_66_rotate_1.jpeg
18,i_66_rotate_1.jpeg
19,j_66_rotate_1.jpeg
20,k_66_rotate_1.jpeg
21,l_66_rotate_1.jpeg
22,m_66_rotate_1.jpeg
23,n_66_rotate_1.jpeg
24,o_66_rotate_1.jpeg
25,p_66_rotate_1.jpeg
26,q_66_rotate_1.jpeg
27,r_66_rotate_1.jpeg
28,s_66_rotate_1.jpeg
29,t_6_rotate_1.jpeg
30,u_66_rotate_1.jpeg
31,v_66_rotate_1.jpeg
32,w_66_rotate_1.jpeg
33,x_66_rotate_1.jpeg
34,y_66_rotate_1.jpeg
35,z_66_rotate_1.jpeg
1,1_66_rotate_10.jpeg
2,2_66_rotate_10.jpeg
3,3_66_rotate_10.jpeg
4,4_66_rotate_10.jpeg
5,5_66_rotate_10.jpeg
6,6_66_rotate_10.jpeg
7,7_66_rotate_10.jpeg
8,8_66_rotate_10.jpeg
9,9_66_rotate_10.jpeg
10,a_66_rotate_10.jpeg
11,b_66_rotate_10.jpeg
12,c_66_rotate_10.jpeg
13,d_66_rotate_10.jpeg
14,e_66_rotate_10.jpeg
15,f_66_rotate_10.jpeg
16,g_66_rotate_10.jpeg
17,h_66_rotate_10.jpeg
18,i_66_rotate_10.jpeg
19,j_66_rotate_10.jpeg
20,k_66_rotate_10.jpeg
21,l_66_rotate_10.jpeg
22,m_66_rotate_10.jpeg
23,n_66_rotate_10.jpeg
24,o_66_rotate_10.jpeg
25,p_66_rotate_10.jpeg
26,q_66_rotate_10.jpeg
27,r_66_rotate_10.jpeg
28,s_66_rotate_10.jpeg
29,t_6_rotate_10.jpeg
30,u_66_rotate_10.jpeg
31,v_66_rotate_10.jpeg
32,w_66_rotate_10.jpeg
33,x_66_rotate_10.jpeg
34,y_66_rotate_10.jpeg
35,z_66_rotate_10.jpeg
1,1_66_rotate_2.jpeg
2,2_66_rotate_2.jpeg
3,3_66_rotate_2.jpeg
4,4_66_rotate_2.jpeg
5,5_66_rotate_2.jpeg
6,6_66_rotate_2.jpeg
7,7_66_rotate_2.jpeg
8,8_66_rotate_2.jpeg
9,9_66_rotate_2.jpeg
10,a_66_rotate_2.jpeg
11,b_66_rotate_2.jpeg
12,c_66_rotate_2.jpeg
13,d_66_rotate_2.jpeg
14,e_66_rotate_2.jpeg
15,f_66_rotate_2.jpeg
16,g_66_rotate_2.jpeg
17,h_66_rotate_2.jpeg
18,i_66_rotate_2.jpeg
19,j_66_rotate_2.jpeg
20,k_66_rotate_2.jpeg
21,l_66_rotate_2.jpeg
22,m_66_rotate_2.jpeg
23,n_66_rotate_2.jpeg
24,o_66_rotate_2.jpeg
25,p_66_rotate_2.jpeg
26,q_66_rotate_2.jpeg
27,r_66_rotate_2.jpeg
28,s_66_rotate_2.jpeg
29,t_6_rotate_2.jpeg
30,u_66_rotate_2.jpeg
31,v_66_rotate_2.jpeg
32,w_66_rotate_2.jpeg
33,x_66_rotate_2.jpeg
34,y_66_rotate_2.jpeg
35,z_66_rotate_2.jpeg
1,1_66_rotate_3.jpeg
2,2_66_rotate_3.jpeg
3,3_66_rotate_3.jpeg
4,4_66_rotate_3.jpeg
5,5_66_rotate_3.jpeg
6,6_66_rotate_3.jpeg
7,7_66_rotate_3.jpeg
8,8_66_rotate_3.jpeg
9,9_66_rotate_3.jpeg
10,a_66_rotate_3.jpeg
11,b_66_rotate_3.jpeg
12,c_66_rotate_3.jpeg
13,d_66_rotate_3.jpeg
14,e_66_rotate_3.jpeg
15,f_66_rotate_3.jpeg
16,g_66_rotate_3.jpeg
17,h_66_rotate_3.jpeg
18,i_66_rotate_3.jpeg
19,j_66_rotate_3.jpeg
20,k_66_rotate_3.jpeg
21,l_66_rotate_3.jpeg
22,m_66_rotate_3.jpeg
23,n_66_rotate_3.jpeg
24,o_66_rotate_3.jpeg
25,p_66_rotate_3.jpeg
26,q_66_rotate_3.jpeg
27,r_66_rotate_3.jpeg
28,s_66_rotate_3.jpeg
29,t_6_rotate_3.jpeg
30,u_66_rotate_3.jpeg
31,v_66_rotate_3.jpeg
32,w_66_rotate_3.jpeg
33,x_66_rotate_3.jpeg
34,y_66_rotate_3.jpeg
35,z_66_rotate_3.jpeg
1,1_66_rotate_4.jpeg
2,2_66_rotate_4.jpeg
3,3_66_rotate_4.jpeg
4,4_66_rotate_4.jpeg
5,5_66_rotate_4.jpeg
6,6_66_rotate_4.jpeg
7,7_66_rotate_4.jpeg
8,8_66_rotate_4.jpeg
9,9_66_rotate_4.jpeg
10,a_66_rotate_4.jpeg
11,b_66_rotate_4.jpeg
12,c_66_rotate_4.jpeg
13,d_66_rotate_4.jpeg
14,e_66_rotate_4.jpeg
15,f_66_rotate_4.jpeg
16,g_66_rotate_4.jpeg
17,h_66_rotate_4.jpeg
18,i_66_rotate_4.jpeg
19,j_66_rotate_4.jpeg
20,k_66_rotate_4.jpeg
21,l_66_rotate_4.jpeg
22,m_66_rotate_4.jpeg
23,n_66_rotate_4.jpeg
24,o_66_rotate_4.jpeg
25,p_66_rotate_4.jpeg
26,q_66_rotate_4.jpeg
27,r_66_rotate_4.jpeg
28,s_66_rotate_4.jpeg
29,t_6_rotate_4.jpeg
30,u_66_rotate_4.jpeg
31,v_66_rotate_4.jpeg
32,w_66_rotate_4.jpeg
33,x_66_rotate_4.jpeg
34,y_66_rotate_4.jpeg
35,z_66_rotate_4.jpeg
1,1_66_rotate_5.jpeg
2,2_66_rotate_5.jpeg
3,3_66_rotate_5.jpeg
4,4_66_rotate_5.jpeg
5,5_66_rotate_5.jpeg
6,6_66_rotate_5.jpeg
7,7_66_rotate_5.jpeg
8,8_66_rotate_5.jpeg
9,9_66_rotate_5.jpeg
10,a_66_rotate_5.jpeg
11,b_66_rotate_5.jpeg
12,c_66_rotate_5.jpeg
13,d_66_rotate_5.jpeg
14,e_66_rotate_5.jpeg
15,f_66_rotate_5.jpeg
16,g_66_rotate_5.jpeg
17,h_66_rotate_5.jpeg
18,i_66_rotate_5.jpeg
19,j_66_rotate_5.jpeg
20,k_66_rotate_5.jpeg
21,l_66_rotate_5.jpeg
22,m_66_rotate_5.jpeg
23,n_66_rotate_5.jpeg
24,o_66_rotate_5.jpeg
25,p_66_rotate_5.jpeg
26,q_66_rotate_5.jpeg
27,r_66_rotate_5.jpeg
28,s_66_rotate_5.jpeg
29,t_6_rotate_5.jpeg
30,u_66_rotate_5.jpeg
31,v_66_rotate_5.jpeg
32,w_66_rotate_5.jpeg
33,x_66_rotate_5.jpeg
34,y_66_rotate_5.jpeg
35,z_66_rotate_5.jpeg
1,1_66_rotate_6.jpeg
2,2_66_rotate_6.jpeg
3,3_66_rotate_6.jpeg
4,4_66_rotate_6.jpeg
5,5_66_rotate_6.jpeg
6,6_66_rotate_6.jpeg
7,7_66_rotate_6.jpeg
8,8_66_rotate_6.jpeg
9,9_66_rotate_6.jpeg
10,a_66_rotate_6.jpeg
11,b_66_rotate_6.jpeg
12,c_66_rotate_6.jpeg
13,d_66_rotate_6.jpeg
14,e_66_rotate_6.jpeg
15,f_66_rotate_6.jpeg
16,g_66_rotate_6.jpeg
17,h_66_rotate_6.jpeg
18,i_66_rotate_6.jpeg
19,j_66_rotate_6.jpeg
20,k_66_rotate_6.jpeg
21,l_66_rotate_6.jpeg
22,m_66_rotate_6.jpeg
23,n_66_rotate_6.jpeg
24,o_66_rotate_6.jpeg
25,p_66_rotate_6.jpeg
26,q_66_rotate_6.jpeg
27,r_66_rotate_6.jpeg
28,s_66_rotate_6.jpeg
29,t_6_rotate_6.jpeg
30,u_66_rotate_6.jpeg
31,v_66_rotate_6.jpeg
32,w_66_rotate_6.jpeg
33,x_66_rotate_6.jpeg
34,y_66_rotate_6.jpeg
35,z_66_rotate_6.jpeg
1,1_66_rotate_7.jpeg
2,2_66_rotate_7.jpeg
3,3_66_rotate_7.jpeg
4,4_66_rotate_7.jpeg
5,5_66_rotate_7.jpeg
6,6_66_rotate_7.jpeg
7,7_66_rotate_7.jpeg
8,8_66_rotate_7.jpeg
9,9_66_rotate_7.jpeg
10,a_66_rotate_7.jpeg
11,b_66_rotate_7.jpeg
12,c_66_rotate_7.jpeg
13,d_66_rotate_7.jpeg
14,e_66_rotate_7.jpeg
15,f_66_rotate_7.jpeg
16,g_66_rotate_7.jpeg
17,h_66_rotate_7.jpeg
18,i_66_rotate_7.jpeg
19,j_66_rotate_7.jpeg
20,k_66_rotate_7.jpeg
21,l_66_rotate_7.jpeg
22,m_66_rotate_7.jpeg
23,n_66_rotate_7.jpeg
24,o_66_rotate_7.jpeg
25,p_66_rotate_7.jpeg
26,q_66_rotate_7.jpeg
27,r_66_rotate_7.jpeg
28,s_66_rotate_7.jpeg
29,t_6_rotate_7.jpeg
30,u_66_rotate_7.jpeg
31,v_66_rotate_7.jpeg
32,w_66_rotate_7.jpeg
33,x_66_rotate_7.jpeg
34,y_66_rotate_7.jpeg
35,z_66_rotate_7.jpeg
1,1_66_rotate_8.jpeg
2,2_66_rotate_8.jpeg
3,3_66_rotate_8.jpeg
4,4_66_rotate_8.jpeg
5,5_66_rotate_8.jpeg
6,6_66_rotate_8.jpeg
7,7_66_rotate_8.jpeg
8,8_66_rotate_8.jpeg
9,9_66_rotate_8.jpeg
10,a_66_rotate_8.jpeg
11,b_66_rotate_8.jpeg
12,c_66_rotate_8.jpeg
13,d_66_rotate_8.jpeg
14,e_66_rotate_8.jpeg
15,f_66_rotate_8.jpeg
16,g_66_rotate_8.jpeg
17,h_66_rotate_8.jpeg
18,i_66_rotate_8.jpeg
19,j_66_rotate_8.jpeg
20,k_66_rotate_8.jpeg
21,l_66_rotate_8.jpeg
22,m_66_rotate_8.jpeg
23,n_66_rotate_8.jpeg
24,o_66_rotate_8.jpeg
25,p_66_rotate_8.jpeg
26,q_66_rotate_8.jpeg
27,r_66_rotate_8.jpeg
28,s_66_rotate_8.jpeg
29,t_6_rotate_8.jpeg
30,u_66_rotate_8.jpeg
31,v_66_rotate_8.jpeg
32,w_66_rotate_8.jpeg
33,x_66_rotate_8.jpeg
34,y_66_rotate_8.jpeg
35,z_66_rotate_8.jpeg
1,1_66_rotate_9.jpeg
2,2_66_rotate_9.jpeg
3,3_66_rotate_9.jpeg
4,4_66_rotate_9.jpeg
5,5_66_rotate_9.jpeg
6,6_66_rotate_9.jpeg
7,7_66_rotate_9.jpeg
8,8_66_rotate_9.jpeg
9,9_66_rotate_9.jpeg
10,a_66_rotate_9.jpeg
11,b_66_rotate_9.jpeg
12,c_66_rotate_9.jpeg
13,d_66_rotate_9.jpeg
14,e_66_rotate_9.jpeg
15,f_66_rotate_9.jpeg
16,g_66_rotate_9.jpeg
17,h_66_rotate_9.jpeg
18,i_66_rotate_9.jpeg
19,j_66_rotate_9.jpeg
20,k_66_rotate_9.jpeg
21,l_66_rotate_9.jpeg
22,m_66_rotate_9.jpeg
23,n_66_rotate_9.jpeg
24,o_66_rotate_9.jpeg
25,p_66_rotate_9.jpeg
26,q_66_rotate_9.jpeg
27,r_66_rotate_9.jpeg
28,s_66_rotate_9.jpeg
29,t_6_rotate_9.jpeg
30,u_66_rotate_9.jpeg
31,v_66_rotate_9.jpeg
32,w_66_rotate_9.jpeg
33,x_66_rotate_9.jpeg
34,y_66_rotate_9.jpeg
35,z_66_rotate_9.jpeg
1,1_67_rotate_1.jpeg
2,2_67_rotate_1.jpeg
3,3_67_rotate_1.jpeg
4,4_67_rotate_1.jpeg
5,5_67_rotate_1.jpeg
6,6_67_rotate_1.jpeg
7,7_67_rotate_1.jpeg
8,8_67_rotate_1.jpeg
9,9_67_rotate_1.jpeg
10,a_67_rotate_1.jpeg
11,b_67_rotate_1.jpeg
12,c_67_rotate_1.jpeg
13,d_67_rotate_1.jpeg
14,e_67_rotate_1.jpeg
15,f_67_rotate_1.jpeg
16,g_67_rotate_1.jpeg
17,h_67_rotate_1.jpeg
18,i_67_rotate_1.jpeg
19,j_67_rotate_1.jpeg
20,k_67_rotate_1.jpeg
21,l_67_rotate_1.jpeg
22,m_67_rotate_1.jpeg
23,n_67_rotate_1.jpeg
24,o_67_rotate_1.jpeg
25,p_67_rotate_1.jpeg
26,q_67_rotate_1.jpeg
27,r_67_rotate_1.jpeg
28,s_67_rotate_1.jpeg
29,t_7_rotate_1.jpeg
30,u_67_rotate_1.jpeg
31,v_67_rotate_1.jpeg
32,w_67_rotate_1.jpeg
33,x_67_rotate_1.jpeg
34,y_67_rotate_1.jpeg
35,z_67_rotate_1.jpeg
1,1_67_rotate_10.jpeg
2,2_67_rotate_10.jpeg
3,3_67_rotate_10.jpeg
4,4_67_rotate_10.jpeg
5,5_67_rotate_10.jpeg
6,6_67_rotate_10.jpeg
7,7_67_rotate_10.jpeg
8,8_67_rotate_10.jpeg
9,9_67_rotate_10.jpeg
10,a_67_rotate_10.jpeg
11,b_67_rotate_10.jpeg
12,c_67_rotate_10.jpeg
13,d_67_rotate_10.jpeg
14,e_67_rotate_10.jpeg
15,f_67_rotate_10.jpeg
16,g_67_rotate_10.jpeg
17,h_67_rotate_10.jpeg
18,i_67_rotate_10.jpeg
19,j_67_rotate_10.jpeg
20,k_67_rotate_10.jpeg
21,l_67_rotate_10.jpeg
22,m_67_rotate_10.jpeg
23,n_67_rotate_10.jpeg
24,o_67_rotate_10.jpeg
25,p_67_rotate_10.jpeg
26,q_67_rotate_10.jpeg
27,r_67_rotate_10.jpeg
28,s_67_rotate_10.jpeg
29,t_7_rotate_10.jpeg
30,u_67_rotate_10.jpeg
31,v_67_rotate_10.jpeg
32,w_67_rotate_10.jpeg
33,x_67_rotate_10.jpeg
34,y_67_rotate_10.jpeg
35,z_67_rotate_10.jpeg
1,1_67_rotate_2.jpeg
2,2_67_rotate_2.jpeg
3,3_67_rotate_2.jpeg
4,4_67_rotate_2.jpeg
5,5_67_rotate_2.jpeg
6,6_67_rotate_2.jpeg
7,7_67_rotate_2.jpeg
8,8_67_rotate_2.jpeg
9,9_67_rotate_2.jpeg
10,a_67_rotate_2.jpeg
11,b_67_rotate_2.jpeg
12,c_67_rotate_2.jpeg
13,d_67_rotate_2.jpeg
14,e_67_rotate_2.jpeg
15,f_67_rotate_2.jpeg
16,g_67_rotate_2.jpeg
17,h_67_rotate_2.jpeg
18,i_67_rotate_2.jpeg
19,j_67_rotate_2.jpeg
20,k_67_rotate_2.jpeg
21,l_67_rotate_2.jpeg
22,m_67_rotate_2.jpeg
23,n_67_rotate_2.jpeg
24,o_67_rotate_2.jpeg
25,p_67_rotate_2.jpeg
26,q_67_rotate_2.jpeg
27,r_67_rotate_2.jpeg
28,s_67_rotate_2.jpeg
29,t_7_rotate_2.jpeg
30,u_67_rotate_2.jpeg
31,v_67_rotate_2.jpeg
32,w_67_rotate_2.jpeg
33,x_67_rotate_2.jpeg
34,y_67_rotate_2.jpeg
35,z_67_rotate_2.jpeg
1,1_67_rotate_3.jpeg
2,2_67_rotate_3.jpeg
3,3_67_rotate_3.jpeg
4,4_67_rotate_3.jpeg
5,5_67_rotate_3.jpeg
6,6_67_rotate_3.jpeg
7,7_67_rotate_3.jpeg
8,8_67_rotate_3.jpeg
9,9_67_rotate_3.jpeg
10,a_67_rotate_3.jpeg
11,b_67_rotate_3.jpeg
12,c_67_rotate_3.jpeg
13,d_67_rotate_3.jpeg
14,e_67_rotate_3.jpeg
15,f_67_rotate_3.jpeg
16,g_67_rotate_3.jpeg
17,h_67_rotate_3.jpeg
18,i_67_rotate_3.jpeg
19,j_67_rotate_3.jpeg
20,k_67_rotate_3.jpeg
21,l_67_rotate_3.jpeg
22,m_67_rotate_3.jpeg
23,n_67_rotate_3.jpeg
24,o_67_rotate_3.jpeg
25,p_67_rotate_3.jpeg
26,q_67_rotate_3.jpeg
27,r_67_rotate_3.jpeg
28,s_67_rotate_3.jpeg
29,t_7_rotate_3.jpeg
30,u_67_rotate_3.jpeg
31,v_67_rotate_3.jpeg
32,w_67_rotate_3.jpeg
33,x_67_rotate_3.jpeg
34,y_67_rotate_3.jpeg
35,z_67_rotate_3.jpeg
1,1_67_rotate_4.jpeg
2,2_67_rotate_4.jpeg
3,3_67_rotate_4.jpeg
4,4_67_rotate_4.jpeg
5,5_67_rotate_4.jpeg
6,6_67_rotate_4.jpeg
7,7_67_rotate_4.jpeg
8,8_67_rotate_4.jpeg
9,9_67_rotate_4.jpeg
10,a_67_rotate_4.jpeg
11,b_67_rotate_4.jpeg
12,c_67_rotate_4.jpeg
13,d_67_rotate_4.jpeg
14,e_67_rotate_4.jpeg
15,f_67_rotate_4.jpeg
16,g_67_rotate_4.jpeg
17,h_67_rotate_4.jpeg
18,i_67_rotate_4.jpeg
19,j_67_rotate_4.jpeg
20,k_67_rotate_4.jpeg
21,l_67_rotate_4.jpeg
22,m_67_rotate_4.jpeg
23,n_67_rotate_4.jpeg
24,o_67_rotate_4.jpeg
25,p_67_rotate_4.jpeg
26,q_67_rotate_4.jpeg
27,r_67_rotate_4.jpeg
28,s_67_rotate_4.jpeg
29,t_7_rotate_4.jpeg
30,u_67_rotate_4.jpeg
31,v_67_rotate_4.jpeg
32,w_67_rotate_4.jpeg
33,x_67_rotate_4.jpeg
34,y_67_rotate_4.jpeg
35,z_67_rotate_4.jpeg
1,1_67_rotate_5.jpeg
2,2_67_rotate_5.jpeg
3,3_67_rotate_5.jpeg
4,4_67_rotate_5.jpeg
5,5_67_rotate_5.jpeg
6,6_67_rotate_5.jpeg
7,7_67_rotate_5.jpeg
8,8_67_rotate_5.jpeg
9,9_67_rotate_5.jpeg
10,a_67_rotate_5.jpeg
11,b_67_rotate_5.jpeg
12,c_67_rotate_5.jpeg
13,d_67_rotate_5.jpeg
14,e_67_rotate_5.jpeg
15,f_67_rotate_5.jpeg
16,g_67_rotate_5.jpeg
17,h_67_rotate_5.jpeg
18,i_67_rotate_5.jpeg
19,j_67_rotate_5.jpeg
20,k_67_rotate_5.jpeg
21,l_67_rotate_5.jpeg
22,m_67_rotate_5.jpeg
23,n_67_rotate_5.jpeg
24,o_67_rotate_5.jpeg
25,p_67_rotate_5.jpeg
26,q_67_rotate_5.jpeg
27,r_67_rotate_5.jpeg
28,s_67_rotate_5.jpeg
29,t_7_rotate_5.jpeg
30,u_67_rotate_5.jpeg
31,v_67_rotate_5.jpeg
32,w_67_rotate_5.jpeg
33,x_67_rotate_5.jpeg
34,y_67_rotate_5.jpeg
35,z_67_rotate_5.jpeg
1,1_67_rotate_6.jpeg
2,2_67_rotate_6.jpeg
3,3_67_rotate_6.jpeg
4,4_67_rotate_6.jpeg
5,5_67_rotate_6.jpeg
6,6_67_rotate_6.jpeg
7,7_67_rotate_6.jpeg
8,8_67_rotate_6.jpeg
9,9_67_rotate_6.jpeg
10,a_67_rotate_6.jpeg
11,b_67_rotate_6.jpeg
12,c_67_rotate_6.jpeg
13,d_67_rotate_6.jpeg
14,e_67_rotate_6.jpeg
15,f_67_rotate_6.jpeg
16,g_67_rotate_6.jpeg
17,h_67_rotate_6.jpeg
18,i_67_rotate_6.jpeg
19,j_67_rotate_6.jpeg
20,k_67_rotate_6.jpeg
21,l_67_rotate_6.jpeg
22,m_67_rotate_6.jpeg
23,n_67_rotate_6.jpeg
24,o_67_rotate_6.jpeg
25,p_67_rotate_6.jpeg
26,q_67_rotate_6.jpeg
27,r_67_rotate_6.jpeg
28,s_67_rotate_6.jpeg
29,t_7_rotate_6.jpeg
30,u_67_rotate_6.jpeg
31,v_67_rotate_6.jpeg
32,w_67_rotate_6.jpeg
33,x_67_rotate_6.jpeg
34,y_67_rotate_6.jpeg
35,z_67_rotate_6.jpeg
1,1_67_rotate_7.jpeg
2,2_67_rotate_7.jpeg
3,3_67_rotate_7.jpeg
4,4_67_rotate_7.jpeg
5,5_67_rotate_7.jpeg
6,6_67_rotate_7.jpeg
7,7_67_rotate_7.jpeg
8,8_67_rotate_7.jpeg
9,9_67_rotate_7.jpeg
10,a_67_rotate_7.jpeg
11,b_67_rotate_7.jpeg
12,c_67_rotate_7.jpeg
13,d_67_rotate_7.jpeg
14,e_67_rotate_7.jpeg
15,f_67_rotate_7.jpeg
16,g_67_rotate_7.jpeg
17,h_67_rotate_7.jpeg
18,i_67_rotate_7.jpeg
19,j_67_rotate_7.jpeg
20,k_67_rotate_7.jpeg
21,l_67_rotate_7.jpeg
22,m_67_rotate_7.jpeg
23,n_67_rotate_7.jpeg
24,o_67_rotate_7.jpeg
25,p_67_rotate_7.jpeg
26,q_67_rotate_7.jpeg
27,r_67_rotate_7.jpeg
28,s_67_rotate_7.jpeg
29,t_7_rotate_7.jpeg
30,u_67_rotate_7.jpeg
31,v_67_rotate_7.jpeg
32,w_67_rotate_7.jpeg
33,x_67_rotate_7.jpeg
34,y_67_rotate_7.jpeg
35,z_67_rotate_7.jpeg
1,1_67_rotate_8.jpeg
2,2_67_rotate_8.jpeg
3,3_67_rotate_8.jpeg
4,4_67_rotate_8.jpeg
5,5_67_rotate_8.jpeg
6,6_67_rotate_8.jpeg
7,7_67_rotate_8.jpeg
8,8_67_rotate_8.jpeg
9,9_67_rotate_8.jpeg
10,a_67_rotate_8.jpeg
11,b_67_rotate_8.jpeg
12,c_67_rotate_8.jpeg
13,d_67_rotate_8.jpeg
14,e_67_rotate_8.jpeg
15,f_67_rotate_8.jpeg
16,g_67_rotate_8.jpeg
17,h_67_rotate_8.jpeg
18,i_67_rotate_8.jpeg
19,j_67_rotate_8.jpeg
20,k_67_rotate_8.jpeg
21,l_67_rotate_8.jpeg
22,m_67_rotate_8.jpeg
23,n_67_rotate_8.jpeg
24,o_67_rotate_8.jpeg
25,p_67_rotate_8.jpeg
26,q_67_rotate_8.jpeg
27,r_67_rotate_8.jpeg
28,s_67_rotate_8.jpeg
29,t_7_rotate_8.jpeg
30,u_67_rotate_8.jpeg
31,v_67_rotate_8.jpeg
32,w_67_rotate_8.jpeg
33,x_67_rotate_8.jpeg
34,y_67_rotate_8.jpeg
35,z_67_rotate_8.jpeg
1,1_67_rotate_9.jpeg
2,2_67_rotate_9.jpeg
3,3_67_rotate_9.jpeg
4,4_67_rotate_9.jpeg
5,5_67_rotate_9.jpeg
6,6_67_rotate_9.jpeg
7,7_67_rotate_9.jpeg
8,8_67_rotate_9.jpeg
9,9_67_rotate_9.jpeg
10,a_67_rotate_9.jpeg
11,b_67_rotate_9.jpeg
12,c_67_rotate_9.jpeg
13,d_67_rotate_9.jpeg
14,e_67_rotate_9.jpeg
15,f_67_rotate_9.jpeg
16,g_67_rotate_9.jpeg
17,h_67_rotate_9.jpeg
18,i_67_rotate_9.jpeg
19,j_67_rotate_9.jpeg
20,k_67_rotate_9.jpeg
21,l_67_rotate_9.jpeg
22,m_67_rotate_9.jpeg
23,n_67_rotate_9.jpeg
24,o_67_rotate_9.jpeg
25,p_67_rotate_9.jpeg
26,q_67_rotate_9.jpeg
27,r_67_rotate_9.jpeg
28,s_67_rotate_9.jpeg
29,t_7_rotate_9.jpeg
30,u_67_rotate_9.jpeg
31,v_67_rotate_9.jpeg
32,w_67_rotate_9.jpeg
33,x_67_rotate_9.jpeg
34,y_67_rotate_9.jpeg
35,z_67_rotate_9.jpeg
1,1_68_rotate_1.jpeg
2,2_68_rotate_1.jpeg
3,3_68_rotate_1.jpeg
4,4_68_rotate_1.jpeg
5,5_68_rotate_1.jpeg
6,6_68_rotate_1.jpeg
7,7_68_rotate_1.jpeg
8,8_68_rotate_1.jpeg
9,9_68_rotate_1.jpeg
10,a_68_rotate_1.jpeg
11,b_68_rotate_1.jpeg
12,c_68_rotate_1.jpeg
13,d_68_rotate_1.jpeg
14,e_68_rotate_1.jpeg
15,f_68_rotate_1.jpeg
16,g_68_rotate_1.jpeg
17,h_68_rotate_1.jpeg
18,i_68_rotate_1.jpeg
19,j_68_rotate_1.jpeg
20,k_68_rotate_1.jpeg
21,l_68_rotate_1.jpeg
22,m_68_rotate_1.jpeg
23,n_68_rotate_1.jpeg
24,o_68_rotate_1.jpeg
25,p_68_rotate_1.jpeg
26,q_68_rotate_1.jpeg
27,r_68_rotate_1.jpeg
28,s_68_rotate_1.jpeg
29,t_8_rotate_1.jpeg
30,u_68_rotate_1.jpeg
31,v_68_rotate_1.jpeg
32,w_68_rotate_1.jpeg
33,x_68_rotate_1.jpeg
34,y_68_rotate_1.jpeg
35,z_68_rotate_1.jpeg
1,1_68_rotate_10.jpeg
2,2_68_rotate_10.jpeg
3,3_68_rotate_10.jpeg
4,4_68_rotate_10.jpeg
5,5_68_rotate_10.jpeg
6,6_68_rotate_10.jpeg
7,7_68_rotate_10.jpeg
8,8_68_rotate_10.jpeg
9,9_68_rotate_10.jpeg
10,a_68_rotate_10.jpeg
11,b_68_rotate_10.jpeg
12,c_68_rotate_10.jpeg
13,d_68_rotate_10.jpeg
14,e_68_rotate_10.jpeg
15,f_68_rotate_10.jpeg
16,g_68_rotate_10.jpeg
17,h_68_rotate_10.jpeg
18,i_68_rotate_10.jpeg
19,j_68_rotate_10.jpeg
20,k_68_rotate_10.jpeg
21,l_68_rotate_10.jpeg
22,m_68_rotate_10.jpeg
23,n_68_rotate_10.jpeg
24,o_68_rotate_10.jpeg
25,p_68_rotate_10.jpeg
26,q_68_rotate_10.jpeg
27,r_68_rotate_10.jpeg
28,s_68_rotate_10.jpeg
29,t_8_rotate_10.jpeg
30,u_68_rotate_10.jpeg
31,v_68_rotate_10.jpeg
32,w_68_rotate_10.jpeg
33,x_68_rotate_10.jpeg
34,y_68_rotate_10.jpeg
35,z_68_rotate_10.jpeg
1,1_68_rotate_2.jpeg
2,2_68_rotate_2.jpeg
3,3_68_rotate_2.jpeg
4,4_68_rotate_2.jpeg
5,5_68_rotate_2.jpeg
6,6_68_rotate_2.jpeg
7,7_68_rotate_2.jpeg
8,8_68_rotate_2.jpeg
9,9_68_rotate_2.jpeg
10,a_68_rotate_2.jpeg
11,b_68_rotate_2.jpeg
12,c_68_rotate_2.jpeg
13,d_68_rotate_2.jpeg
14,e_68_rotate_2.jpeg
15,f_68_rotate_2.jpeg
16,g_68_rotate_2.jpeg
17,h_68_rotate_2.jpeg
18,i_68_rotate_2.jpeg
19,j_68_rotate_2.jpeg
20,k_68_rotate_2.jpeg
21,l_68_rotate_2.jpeg
22,m_68_rotate_2.jpeg
23,n_68_rotate_2.jpeg
24,o_68_rotate_2.jpeg
25,p_68_rotate_2.jpeg
26,q_68_rotate_2.jpeg
27,r_68_rotate_2.jpeg
28,s_68_rotate_2.jpeg
29,t_8_rotate_2.jpeg
30,u_68_rotate_2.jpeg
31,v_68_rotate_2.jpeg
32,w_68_rotate_2.jpeg
33,x_68_rotate_2.jpeg
34,y_68_rotate_2.jpeg
35,z_68_rotate_2.jpeg
1,1_68_rotate_3.jpeg
2,2_68_rotate_3.jpeg
3,3_68_rotate_3.jpeg
4,4_68_rotate_3.jpeg
5,5_68_rotate_3.jpeg
6,6_68_rotate_3.jpeg
7,7_68_rotate_3.jpeg
8,8_68_rotate_3.jpeg
9,9_68_rotate_3.jpeg
10,a_68_rotate_3.jpeg
11,b_68_rotate_3.jpeg
12,c_68_rotate_3.jpeg
13,d_68_rotate_3.jpeg
14,e_68_rotate_3.jpeg
15,f_68_rotate_3.jpeg
16,g_68_rotate_3.jpeg
17,h_68_rotate_3.jpeg
18,i_68_rotate_3.jpeg
19,j_68_rotate_3.jpeg
20,k_68_rotate_3.jpeg
21,l_68_rotate_3.jpeg
22,m_68_rotate_3.jpeg
23,n_68_rotate_3.jpeg
24,o_68_rotate_3.jpeg
25,p_68_rotate_3.jpeg
26,q_68_rotate_3.jpeg
27,r_68_rotate_3.jpeg
28,s_68_rotate_3.jpeg
29,t_8_rotate_3.jpeg
30,u_68_rotate_3.jpeg
31,v_68_rotate_3.jpeg
32,w_68_rotate_3.jpeg
33,x_68_rotate_3.jpeg
34,y_68_rotate_3.jpeg
35,z_68_rotate_3.jpeg
1,1_68_rotate_4.jpeg
2,2_68_rotate_4.jpeg
3,3_68_rotate_4.jpeg
4,4_68_rotate_4.jpeg
5,5_68_rotate_4.jpeg
6,6_68_rotate_4.jpeg
7,7_68_rotate_4.jpeg
8,8_68_rotate_4.jpeg
9,9_68_rotate_4.jpeg
10,a_68_rotate_4.jpeg
11,b_68_rotate_4.jpeg
12,c_68_rotate_4.jpeg
13,d_68_rotate_4.jpeg
14,e_68_rotate_4.jpeg
15,f_68_rotate_4.jpeg
16,g_68_rotate_4.jpeg
17,h_68_rotate_4.jpeg
18,i_68_rotate_4.jpeg
19,j_68_rotate_4.jpeg
20,k_68_rotate_4.jpeg
21,l_68_rotate_4.jpeg
22,m_68_rotate_4.jpeg
23,n_68_rotate_4.jpeg
24,o_68_rotate_4.jpeg
25,p_68_rotate_4.jpeg
26,q_68_rotate_4.jpeg
27,r_68_rotate_4.jpeg
28,s_68_rotate_4.jpeg
29,t_8_rotate_4.jpeg
30,u_68_rotate_4.jpeg
31,v_68_rotate_4.jpeg
32,w_68_rotate_4.jpeg
33,x_68_rotate_4.jpeg
34,y_68_rotate_4.jpeg
35,z_68_rotate_4.jpeg
1,1_68_rotate_5.jpeg
2,2_68_rotate_5.jpeg
3,3_68_rotate_5.jpeg
4,4_68_rotate_5.jpeg
5,5_68_rotate_5.jpeg
6,6_68_rotate_5.jpeg
7,7_68_rotate_5.jpeg
8,8_68_rotate_5.jpeg
9,9_68_rotate_5.jpeg
10,a_68_rotate_5.jpeg
11,b_68_rotate_5.jpeg
12,c_68_rotate_5.jpeg
13,d_68_rotate_5.jpeg
14,e_68_rotate_5.jpeg
15,f_68_rotate_5.jpeg
16,g_68_rotate_5.jpeg
17,h_68_rotate_5.jpeg
18,i_68_rotate_5.jpeg
19,j_68_rotate_5.jpeg
20,k_68_rotate_5.jpeg
21,l_68_rotate_5.jpeg
22,m_68_rotate_5.jpeg
23,n_68_rotate_5.jpeg
24,o_68_rotate_5.jpeg
25,p_68_rotate_5.jpeg
26,q_68_rotate_5.jpeg
27,r_68_rotate_5.jpeg
28,s_68_rotate_5.jpeg
29,t_8_rotate_5.jpeg
30,u_68_rotate_5.jpeg
31,v_68_rotate_5.jpeg
32,w_68_rotate_5.jpeg
33,x_68_rotate_5.jpeg
34,y_68_rotate_5.jpeg
35,z_68_rotate_5.jpeg
1,1_68_rotate_6.jpeg
2,2_68_rotate_6.jpeg
3,3_68_rotate_6.jpeg
4,4_68_rotate_6.jpeg
5,5_68_rotate_6.jpeg
6,6_68_rotate_6.jpeg
7,7_68_rotate_6.jpeg
8,8_68_rotate_6.jpeg
9,9_68_rotate_6.jpeg
10,a_68_rotate_6.jpeg
11,b_68_rotate_6.jpeg
12,c_68_rotate_6.jpeg
13,d_68_rotate_6.jpeg
14,e_68_rotate_6.jpeg
15,f_68_rotate_6.jpeg
16,g_68_rotate_6.jpeg
17,h_68_rotate_6.jpeg
18,i_68_rotate_6.jpeg
19,j_68_rotate_6.jpeg
20,k_68_rotate_6.jpeg
21,l_68_rotate_6.jpeg
22,m_68_rotate_6.jpeg
23,n_68_rotate_6.jpeg
24,o_68_rotate_6.jpeg
25,p_68_rotate_6.jpeg
26,q_68_rotate_6.jpeg
27,r_68_rotate_6.jpeg
28,s_68_rotate_6.jpeg
29,t_8_rotate_6.jpeg
30,u_68_rotate_6.jpeg
31,v_68_rotate_6.jpeg
32,w_68_rotate_6.jpeg
33,x_68_rotate_6.jpeg
34,y_68_rotate_6.jpeg
35,z_68_rotate_6.jpeg
1,1_68_rotate_7.jpeg
2,2_68_rotate_7.jpeg
3,3_68_rotate_7.jpeg
4,4_68_rotate_7.jpeg
5,5_68_rotate_7.jpeg
6,6_68_rotate_7.jpeg
7,7_68_rotate_7.jpeg
8,8_68_rotate_7.jpeg
9,9_68_rotate_7.jpeg
10,a_68_rotate_7.jpeg
11,b_68_rotate_7.jpeg
12,c_68_rotate_7.jpeg
13,d_68_rotate_7.jpeg
14,e_68_rotate_7.jpeg
15,f_68_rotate_7.jpeg
16,g_68_rotate_7.jpeg
17,h_68_rotate_7.jpeg
18,i_68_rotate_7.jpeg
19,j_68_rotate_7.jpeg
20,k_68_rotate_7.jpeg
21,l_68_rotate_7.jpeg
22,m_68_rotate_7.jpeg
23,n_68_rotate_7.jpeg
24,o_68_rotate_7.jpeg
25,p_68_rotate_7.jpeg
26,q_68_rotate_7.jpeg
27,r_68_rotate_7.jpeg
28,s_68_rotate_7.jpeg
29,t_8_rotate_7.jpeg
30,u_68_rotate_7.jpeg
31,v_68_rotate_7.jpeg
32,w_68_rotate_7.jpeg
33,x_68_rotate_7.jpeg
34,y_68_rotate_7.jpeg
35,z_68_rotate_7.jpeg
1,1_68_rotate_8.jpeg
2,2_68_rotate_8.jpeg
3,3_68_rotate_8.jpeg
4,4_68_rotate_8.jpeg
5,5_68_rotate_8.jpeg
6,6_68_rotate_8.jpeg
7,7_68_rotate_8.jpeg
8,8_68_rotate_8.jpeg
9,9_68_rotate_8.jpeg
10,a_68_rotate_8.jpeg
11,b_68_rotate_8.jpeg
12,c_68_rotate_8.jpeg
13,d_68_rotate_8.jpeg
14,e_68_rotate_8.jpeg
15,f_68_rotate_8.jpeg
16,g_68_rotate_8.jpeg
17,h_68_rotate_8.jpeg
18,i_68_rotate_8.jpeg
19,j_68_rotate_8.jpeg
20,k_68_rotate_8.jpeg
21,l_68_rotate_8.jpeg
22,m_68_rotate_8.jpeg
23,n_68_rotate_8.jpeg
24,o_68_rotate_8.jpeg
25,p_68_rotate_8.jpeg
26,q_68_rotate_8.jpeg
27,r_68_rotate_8.jpeg
28,s_68_rotate_8.jpeg
29,t_8_rotate_8.jpeg
30,u_68_rotate_8.jpeg
31,v_68_rotate_8.jpeg
32,w_68_rotate_8.jpeg
33,x_68_rotate_8.jpeg
34,y_68_rotate_8.jpeg
35,z_68_rotate_8.jpeg
1,1_68_rotate_9.jpeg
2,2_68_rotate_9.jpeg
3,3_68_rotate_9.jpeg
4,4_68_rotate_9.jpeg
5,5_68_rotate_9.jpeg
6,6_68_rotate_9.jpeg
7,7_68_rotate_9.jpeg
8,8_68_rotate_9.jpeg
9,9_68_rotate_9.jpeg
10,a_68_rotate_9.jpeg
11,b_68_rotate_9.jpeg
12,c_68_rotate_9.jpeg
13,d_68_rotate_9.jpeg
14,e_68_rotate_9.jpeg
15,f_68_rotate_9.jpeg
16,g_68_rotate_9.jpeg
17,h_68_rotate_9.jpeg
18,i_68_rotate_9.jpeg
19,j_68_rotate_9.jpeg
20,k_68_rotate_9.jpeg
21,l_68_rotate_9.jpeg
22,m_68_rotate_9.jpeg
23,n_68_rotate_9.jpeg
24,o_68_rotate_9.jpeg
25,p_68_rotate_9.jpeg
26,q_68_rotate_9.jpeg
27,r_68_rotate_9.jpeg
28,s_68_rotate_9.jpeg
29,t_8_rotate_9.jpeg
30,u_68_rotate_9.jpeg
31,v_68_rotate_9.jpeg
32,w_68_rotate_9.jpeg
33,x_68_rotate_9.jpeg
34,y_68_rotate_9.jpeg
35,z_68_rotate_9.jpeg
1,1_69_rotate_1.jpeg
2,2_69_rotate_1.jpeg
3,3_69_rotate_1.jpeg
4,4_69_rotate_1.jpeg
5,5_69_rotate_1.jpeg
6,6_69_rotate_1.jpeg
7,7_69_rotate_1.jpeg
8,8_69_rotate_1.jpeg
9,9_69_rotate_1.jpeg
10,a_69_rotate_1.jpeg
11,b_69_rotate_1.jpeg
12,c_69_rotate_1.jpeg
13,d_69_rotate_1.jpeg
14,e_69_rotate_1.jpeg
15,f_69_rotate_1.jpeg
16,g_69_rotate_1.jpeg
17,h_69_rotate_1.jpeg
18,i_69_rotate_1.jpeg
19,j_69_rotate_1.jpeg
20,k_69_rotate_1.jpeg
21,l_69_rotate_1.jpeg
22,m_69_rotate_1.jpeg
23,n_69_rotate_1.jpeg
24,o_69_rotate_1.jpeg
25,p_69_rotate_1.jpeg
26,q_69_rotate_1.jpeg
27,r_69_rotate_1.jpeg
28,s_69_rotate_1.jpeg
29,t_9_rotate_1.jpeg
30,u_69_rotate_1.jpeg
31,v_69_rotate_1.jpeg
32,w_69_rotate_1.jpeg
33,x_69_rotate_1.jpeg
34,y_69_rotate_1.jpeg
35,z_69_rotate_1.jpeg
1,1_69_rotate_10.jpeg
2,2_69_rotate_10.jpeg
3,3_69_rotate_10.jpeg
4,4_69_rotate_10.jpeg
5,5_69_rotate_10.jpeg
6,6_69_rotate_10.jpeg
7,7_69_rotate_10.jpeg
8,8_69_rotate_10.jpeg
9,9_69_rotate_10.jpeg
10,a_69_rotate_10.jpeg
11,b_69_rotate_10.jpeg
12,c_69_rotate_10.jpeg
13,d_69_rotate_10.jpeg
14,e_69_rotate_10.jpeg
15,f_69_rotate_10.jpeg
16,g_69_rotate_10.jpeg
17,h_69_rotate_10.jpeg
18,i_69_rotate_10.jpeg
19,j_69_rotate_10.jpeg
20,k_69_rotate_10.jpeg
21,l_69_rotate_10.jpeg
22,m_69_rotate_10.jpeg
23,n_69_rotate_10.jpeg
24,o_69_rotate_10.jpeg
25,p_69_rotate_10.jpeg
26,q_69_rotate_10.jpeg
27,r_69_rotate_10.jpeg
28,s_69_rotate_10.jpeg
29,t_9_rotate_10.jpeg
30,u_69_rotate_10.jpeg
31,v_69_rotate_10.jpeg
32,w_69_rotate_10.jpeg
33,x_69_rotate_10.jpeg
34,y_69_rotate_10.jpeg
35,z_69_rotate_10.jpeg
1,1_69_rotate_2.jpeg
2,2_69_rotate_2.jpeg
3,3_69_rotate_2.jpeg
4,4_69_rotate_2.jpeg
5,5_69_rotate_2.jpeg
6,6_69_rotate_2.jpeg
7,7_69_rotate_2.jpeg
8,8_69_rotate_2.jpeg
9,9_69_rotate_2.jpeg
10,a_69_rotate_2.jpeg
11,b_69_rotate_2.jpeg
12,c_69_rotate_2.jpeg
13,d_69_rotate_2.jpeg
14,e_69_rotate_2.jpeg
15,f_69_rotate_2.jpeg
16,g_69_rotate_2.jpeg
17,h_69_rotate_2.jpeg
18,i_69_rotate_2.jpeg
19,j_69_rotate_2.jpeg
20,k_69_rotate_2.jpeg
21,l_69_rotate_2.jpeg
22,m_69_rotate_2.jpeg
23,n_69_rotate_2.jpeg
24,o_69_rotate_2.jpeg
25,p_69_rotate_2.jpeg
26,q_69_rotate_2.jpeg
27,r_69_rotate_2.jpeg
28,s_69_rotate_2.jpeg
29,t_9_rotate_2.jpeg
30,u_69_rotate_2.jpeg
31,v_69_rotate_2.jpeg
32,w_69_rotate_2.jpeg
33,x_69_rotate_2.jpeg
34,y_69_rotate_2.jpeg
35,z_69_rotate_2.jpeg
1,1_69_rotate_3.jpeg
2,2_69_rotate_3.jpeg
3,3_69_rotate_3.jpeg
4,4_69_rotate_3.jpeg
5,5_69_rotate_3.jpeg
6,6_69_rotate_3.jpeg
7,7_69_rotate_3.jpeg
8,8_69_rotate_3.jpeg
9,9_69_rotate_3.jpeg
10,a_69_rotate_3.jpeg
11,b_69_rotate_3.jpeg
12,c_69_rotate_3.jpeg
13,d_69_rotate_3.jpeg
14,e_69_rotate_3.jpeg
15,f_69_rotate_3.jpeg
16,g_69_rotate_3.jpeg
17,h_69_rotate_3.jpeg
18,i_69_rotate_3.jpeg
19,j_69_rotate_3.jpeg
20,k_69_rotate_3.jpeg
21,l_69_rotate_3.jpeg
22,m_69_rotate_3.jpeg
23,n_69_rotate_3.jpeg
24,o_69_rotate_3.jpeg
25,p_69_rotate_3.jpeg
26,q_69_rotate_3.jpeg
27,r_69_rotate_3.jpeg
28,s_69_rotate_3.jpeg
29,t_9_rotate_3.jpeg
30,u_69_rotate_3.jpeg
31,v_69_rotate_3.jpeg
32,w_69_rotate_3.jpeg
33,x_69_rotate_3.jpeg
34,y_69_rotate_3.jpeg
35,z_69_rotate_3.jpeg
1,1_69_rotate_4.jpeg
2,2_69_rotate_4.jpeg
3,3_69_rotate_4.jpeg
4,4_69_rotate_4.jpeg
5,5_69_rotate_4.jpeg
6,6_69_rotate_4.jpeg
7,7_69_rotate_4.jpeg
8,8_69_rotate_4.jpeg
9,9_69_rotate_4.jpeg
10,a_69_rotate_4.jpeg
11,b_69_rotate_4.jpeg
12,c_69_rotate_4.jpeg
13,d_69_rotate_4.jpeg
14,e_69_rotate_4.jpeg
15,f_69_rotate_4.jpeg
16,g_69_rotate_4.jpeg
17,h_69_rotate_4.jpeg
18,i_69_rotate_4.jpeg
19,j_69_rotate_4.jpeg
20,k_69_rotate_4.jpeg
21,l_69_rotate_4.jpeg
22,m_69_rotate_4.jpeg
23,n_69_rotate_4.jpeg
24,o_69_rotate_4.jpeg
25,p_69_rotate_4.jpeg
26,q_69_rotate_4.jpeg
27,r_69_rotate_4.jpeg
28,s_69_rotate_4.jpeg
29,t_9_rotate_4.jpeg
30,u_69_rotate_4.jpeg
31,v_69_rotate_4.jpeg
32,w_69_rotate_4.jpeg
33,x_69_rotate_4.jpeg
34,y_69_rotate_4.jpeg
35,z_69_rotate_4.jpeg
1,1_69_rotate_5.jpeg
2,2_69_rotate_5.jpeg
3,3_69_rotate_5.jpeg
4,4_69_rotate_5.jpeg
5,5_69_rotate_5.jpeg
6,6_69_rotate_5.jpeg
7,7_69_rotate_5.jpeg
8,8_69_rotate_5.jpeg
9,9_69_rotate_5.jpeg
10,a_69_rotate_5.jpeg
11,b_69_rotate_5.jpeg
12,c_69_rotate_5.jpeg
13,d_69_rotate_5.jpeg
14,e_69_rotate_5.jpeg
15,f_69_rotate_5.jpeg
16,g_69_rotate_5.jpeg
17,h_69_rotate_5.jpeg
18,i_69_rotate_5.jpeg
19,j_69_rotate_5.jpeg
20,k_69_rotate_5.jpeg
21,l_69_rotate_5.jpeg
22,m_69_rotate_5.jpeg
23,n_69_rotate_5.jpeg
24,o_69_rotate_5.jpeg
25,p_69_rotate_5.jpeg
26,q_69_rotate_5.jpeg
27,r_69_rotate_5.jpeg
28,s_69_rotate_5.jpeg
29,t_9_rotate_5.jpeg
30,u_69_rotate_5.jpeg
31,v_69_rotate_5.jpeg
32,w_69_rotate_5.jpeg
33,x_69_rotate_5.jpeg
34,y_69_rotate_5.jpeg
35,z_69_rotate_5.jpeg
1,1_69_rotate_6.jpeg
2,2_69_rotate_6.jpeg
3,3_69_rotate_6.jpeg
4,4_69_rotate_6.jpeg
5,5_69_rotate_6.jpeg
6,6_69_rotate_6.jpeg
7,7_69_rotate_6.jpeg
8,8_69_rotate_6.jpeg
9,9_69_rotate_6.jpeg
10,a_69_rotate_6.jpeg
11,b_69_rotate_6.jpeg
12,c_69_rotate_6.jpeg
13,d_69_rotate_6.jpeg
14,e_69_rotate_6.jpeg
15,f_69_rotate_6.jpeg
16,g_69_rotate_6.jpeg
17,h_69_rotate_6.jpeg
18,i_69_rotate_6.jpeg
19,j_69_rotate_6.jpeg
20,k_69_rotate_6.jpeg
21,l_69_rotate_6.jpeg
22,m_69_rotate_6.jpeg
23,n_69_rotate_6.jpeg
24,o_69_rotate_6.jpeg
25,p_69_rotate_6.jpeg
26,q_69_rotate_6.jpeg
27,r_69_rotate_6.jpeg
28,s_69_rotate_6.jpeg
29,t_9_rotate_6.jpeg
30,u_69_rotate_6.jpeg
31,v_69_rotate_6.jpeg
32,w_69_rotate_6.jpeg
33,x_69_rotate_6.jpeg
34,y_69_rotate_6.jpeg
35,z_69_rotate_6.jpeg
1,1_69_rotate_7.jpeg
2,2_69_rotate_7.jpeg
3,3_69_rotate_7.jpeg
4,4_69_rotate_7.jpeg
5,5_69_rotate_7.jpeg
6,6_69_rotate_7.jpeg
7,7_69_rotate_7.jpeg
8,8_69_rotate_7.jpeg
9,9_69_rotate_7.jpeg
10,a_69_rotate_7.jpeg
11,b_69_rotate_7.jpeg
12,c_69_rotate_7.jpeg
13,d_69_rotate_7.jpeg
14,e_69_rotate_7.jpeg
15,f_69_rotate_7.jpeg
16,g_69_rotate_7.jpeg
17,h_69_rotate_7.jpeg
18,i_69_rotate_7.jpeg
19,j_69_rotate_7.jpeg
20,k_69_rotate_7.jpeg
21,l_69_rotate_7.jpeg
22,m_69_rotate_7.jpeg
23,n_69_rotate_7.jpeg
24,o_69_rotate_7.jpeg
25,p_69_rotate_7.jpeg
26,q_69_rotate_7.jpeg
27,r_69_rotate_7.jpeg
28,s_69_rotate_7.jpeg
29,t_9_rotate_7.jpeg
30,u_69_rotate_7.jpeg
31,v_69_rotate_7.jpeg
32,w_69_rotate_7.jpeg
33,x_69_rotate_7.jpeg
34,y_69_rotate_7.jpeg
35,z_69_rotate_7.jpeg
1,1_69_rotate_8.jpeg
2,2_69_rotate_8.jpeg
3,3_69_rotate_8.jpeg
4,4_69_rotate_8.jpeg
5,5_69_rotate_8.jpeg
6,6_69_rotate_8.jpeg
7,7_69_rotate_8.jpeg
8,8_69_rotate_8.jpeg
9,9_69_rotate_8.jpeg
10,a_69_rotate_8.jpeg
11,b_69_rotate_8.jpeg
12,c_69_rotate_8.jpeg
13,d_69_rotate_8.jpeg
14,e_69_rotate_8.jpeg
15,f_69_rotate_8.jpeg
16,g_69_rotate_8.jpeg
17,h_69_rotate_8.jpeg
18,i_69_rotate_8.jpeg
19,j_69_rotate_8.jpeg
20,k_69_rotate_8.jpeg
21,l_69_rotate_8.jpeg
22,m_69_rotate_8.jpeg
23,n_69_rotate_8.jpeg
24,o_69_rotate_8.jpeg
25,p_69_rotate_8.jpeg
26,q_69_rotate_8.jpeg
27,r_69_rotate_8.jpeg
28,s_69_rotate_8.jpeg
29,t_9_rotate_8.jpeg
30,u_69_rotate_8.jpeg
31,v_69_rotate_8.jpeg
32,w_69_rotate_8.jpeg
33,x_69_rotate_8.jpeg
34,y_69_rotate_8.jpeg
35,z_69_rotate_8.jpeg
1,1_69_rotate_9.jpeg
2,2_69_rotate_9.jpeg
3,3_69_rotate_9.jpeg
4,4_69_rotate_9.jpeg
5,5_69_rotate_9.jpeg
6,6_69_rotate_9.jpeg
7,7_69_rotate_9.jpeg
8,8_69_rotate_9.jpeg
9,9_69_rotate_9.jpeg
10,a_69_rotate_9.jpeg
11,b_69_rotate_9.jpeg
12,c_69_rotate_9.jpeg
13,d_69_rotate_9.jpeg
14,e_69_rotate_9.jpeg
15,f_69_rotate_9.jpeg
16,g_69_rotate_9.jpeg
17,h_69_rotate_9.jpeg
18,i_69_rotate_9.jpeg
19,j_69_rotate_9.jpeg
20,k_69_rotate_9.jpeg
21,l_69_rotate_9.jpeg
22,m_69_rotate_9.jpeg
23,n_69_rotate_9.jpeg
24,o_69_rotate_9.jpeg
25,p_69_rotate_9.jpeg
26,q_69_rotate_9.jpeg
27,r_69_rotate_9.jpeg
28,s_69_rotate_9.jpeg
29,t_9_rotate_9.jpeg
30,u_69_rotate_9.jpeg
31,v_69_rotate_9.jpeg
32,w_69_rotate_9.jpeg
33,x_69_rotate_9.jpeg
34,y_69_rotate_9.jpeg
35,z_69_rotate_9.jpeg
